tick,event_type,event_x,event_y,event_value,bunker_mode,ngfs_mode,ngfs_range,ngfs_interval,total_strikes,total_kills,suppression_active,troops_remaining,arg_strength_avg
4,surrender-wave,0,0,1,historical,realistic,1,1,0,0,0,3,80
9,surrender-wave,0,0,1,historical,realistic,1,1,0,0,0,2,100
16,surrender-wave,0,0,1,historical,realistic,1,1,0,0,0,1,-80
17,surrender-wave,0,0,1,historical,realistic,1,1,0,0,0,0,0
1,strike-fired,1,11,0,historical,realistic,1,1,1,0,0,4,85
2,strike-fired,6,-8,0,historical,realistic,1,1,2,0,0,4,77.5
3,strike-fired,1,11,0,historical,realistic,1,1,3,0,0,3,100
3,surrender-wave,0,0,1,historical,realistic,1,1,3,0,0,3,100
4,strike-fired,6,-8,0,historical,realistic,1,1,4,0,0,3,100
5,strike-fired,1,11,0,historical,realistic,1,1,5,0,0,3,100
6,strike-fired,6,-8,0,historical,realistic,1,1,6,0,0,3,80
7,strike-fired,1,11,0,historical,realistic,1,1,7,0,0,3,70
8,strike-fired,6,-8,0,historical,realistic,1,1,8,0,0,2,85
8,surrender-wave,0,0,1,historical,realistic,1,1,8,0,0,2,85
9,strike-fired,6,-8,0,historical,realistic,1,1,9,0,0,2,70
10,strike-fired,6,-8,0,historical,realistic,1,1,10,0,0,2,55
11,strike-fired,6,-8,0,historical,realistic,1,1,11,0,0,2,25
12,strike-fired,6,-8,0,historical,realistic,1,1,12,0,0,1,100
12,bunker-collapsed,6,-8,1,historical,realistic,1,1,12,0,0,1,100
12,surrender-wave,0,0,1,historical,realistic,1,1,12,0,0,1,100
13,strike-fired,6,-8,0,historical,realistic,1,1,13,0,0,1,100
14,strike-fired,6,-8,0,historical,realistic,1,1,14,0,0,1,100
15,strike-fired,6,-8,0,historical,realistic,1,1,15,0,0,1,100
16,strike-fired,6,-8,0,historical,realistic,1,1,16,0,0,1,100
17,strike-fired,6,-8,0,historical,realistic,1,1,17,0,0,1,100
18,strike-fired,6,-8,0,historical,realistic,1,1,18,0,0,1,100
19,strike-fired,6,-8,0,historical,realistic,1,1,19,0,0,1,100
20,strike-fired,6,-8,0,historical,realistic,1,1,20,0,0,1,70
21,strike-fired,6,-8,0,historical,realistic,1,1,21,0,0,1,40
22,strike-fired,6,-8,1,historical,realistic,1,1,22,1,0,0,0
1,strike-fired,7,8,0,historical,realistic,1,1,1,0,0,4,100
2,strike-fired,7,8,0,historical,realistic,1,1,2,0,0,4,100
3,strike-fired,7,8,0,historical,realistic,1,1,3,0,0,4,100
4,strike-fired,7,8,0,historical,realistic,1,1,4,0,0,4,92.5
5,strike-fired,7,8,0,historical,realistic,1,1,5,0,0,4,85
6,strike-fired,7,8,0,historical,realistic,1,1,6,0,0,4,85
7,strike-fired,7,8,0,historical,realistic,1,1,7,0,0,4,85
8,strike-fired,7,8,0,historical,realistic,1,1,8,0,0,4,85
9,strike-fired,7,8,0,historical,realistic,1,1,9,0,0,4,85
10,strike-fired,7,8,0,historical,realistic,1,1,10,0,0,4,70
10,bunker-collapsed,7,8,1,historical,realistic,1,1,10,0,0,4,70
11,strike-fired,7,8,0,historical,realistic,1,1,11,0,0,4,62.5
12,strike-fired,7,8,0,historical,realistic,1,1,12,0,0,4,40
13,strike-fired,7,8,0,historical,realistic,1,1,13,0,0,3,60
13,surrender-wave,0,0,1,historical,realistic,1,1,13,0,0,3,60
14,strike-fired,7,8,0,historical,realistic,1,1,14,0,0,3,40
15,strike-fired,7,8,0,historical,realistic,1,1,15,0,0,3,20
16,surrender-wave,0,0,1,historical,realistic,1,1,15,0,0,2,-5
17,surrender-wave,0,0,1,historical,realistic,1,1,15,0,0,1,100
33,surrender-wave,0,0,1,historical,realistic,1,1,15,0,0,0,0
1,strike-fired,0,-13,0,historical,realistic,1,1,1,0,0,4,100
2,strike-fired,-8,-10,0,historical,realistic,1,1,2,0,0,4,100
3,strike-fired,-8,-10,0,historical,realistic,1,1,3,0,0,4,100
4,strike-fired,0,-13,0,historical,realistic,1,1,4,0,0,4,92.5
5,strike-fired,0,-13,0,historical,realistic,1,1,5,0,0,4,70
6,strike-fired,-9,-10,1,historical,realistic,1,1,6,1,0,3,90
7,strike-fired,0,-13,0,historical,realistic,1,1,7,1,0,3,70
8,strike-fired,0,-13,0,historical,realistic,1,1,8,1,0,3,50
9,strike-fired,0,-13,0,historical,realistic,1,1,9,1,0,3,40
10,strike-fired,0,-13,0,historical,realistic,1,1,10,1,0,3,0
11,strike-fired,0,-13,0,historical,realistic,1,1,11,1,0,2,100
11,surrender-wave,0,0,1,historical,realistic,1,1,11,1,0,2,100
12,strike-fired,0,-13,0,historical,realistic,1,1,12,1,0,2,100
13,strike-fired,0,-13,0,historical,realistic,1,1,13,1,0,2,100
14,strike-fired,0,-13,0,historical,realistic,1,1,14,1,0,2,70
15,strike-fired,0,-13,1,historical,realistic,1,1,15,2,0,1,10
21,surrender-wave,0,0,1,historical,realistic,1,1,15,2,0,0,0
1,strike-fired,-9,-13,0,historical,realistic,1,1,1,0,0,4,55
2,strike-fired,-3,-13,0,historical,realistic,1,1,2,0,0,4,32.5
3,strike-fired,-3,-13,0,historical,realistic,1,1,3,0,0,3,100
3,surrender-wave,0,0,1,historical,realistic,1,1,3,0,0,3,100
4,strike-fired,-9,-13,0,historical,realistic,1,1,4,0,0,3,100
5,strike-fired,-3,-13,0,historical,realistic,1,1,5,0,0,3,100
6,strike-fired,-9,-13,0,historical,realistic,1,1,6,0,0,3,100
7,strike-fired,-3,-13,0,historical,realistic,1,1,7,0,0,3,100
8,strike-fired,-9,-13,0,historical,realistic,1,1,8,0,0,3,90
9,strike-fired,-3,-13,0,historical,realistic,1,1,9,0,0,3,80
10,strike-fired,-3,-13,0,historical,realistic,1,1,10,0,0,3,60
11,strike-fired,-3,-13,0,historical,realistic,1,1,11,0,0,3,50
12,strike-fired,-3,-13,0,historical,realistic,1,1,12,0,0,2,70
12,surrender-wave,0,0,1,historical,realistic,1,1,12,0,0,2,70
13,strike-fired,5,7,1,historical,realistic,1,1,13,1,0,1,70
14,strike-fired,-3,-13,1,historical,realistic,1,1,14,2,0,0,0
1,strike-fired,-11,-3,0,historical,realistic,1,1,1,0,0,4,77.5
3,strike-fired,-11,-3,1,historical,realistic,1,1,2,1,0,3,100
8,strike-fired,-4,9,1,historical,realistic,1,1,3,2,0,1,100
8,surrender-wave,0,0,1,historical,realistic,1,1,3,2,0,1,100
17,surrender-wave,0,0,1,historical,realistic,1,1,3,2,0,0,0
1,strike-fired,-12,-5,0,historical,realistic,1,1,1,0,0,4,100
2,strike-fired,-7,-11,0,historical,realistic,1,1,2,0,0,4,100
3,strike-fired,-12,-5,0,historical,realistic,1,1,3,0,0,4,92.5
4,strike-fired,-12,-5,0,historical,realistic,1,1,4,0,0,4,92.5
5,strike-fired,-7,-11,0,historical,realistic,1,1,5,0,0,4,70
6,strike-fired,-7,-11,0,historical,realistic,1,1,6,0,0,3,100
6,surrender-wave,0,0,1,historical,realistic,1,1,6,0,0,3,100
7,strike-fired,-7,-11,0,historical,realistic,1,1,7,0,0,3,90
8,strike-fired,-7,-11,0,historical,realistic,1,1,8,0,0,3,80
9,strike-fired,-7,-11,1,historical,realistic,1,1,9,1,0,2,100
15,surrender-wave,0,0,1,historical,realistic,1,1,9,1,0,1,100
19,surrender-wave,0,0,1,historical,realistic,1,1,9,1,0,0,0
1,strike-fired,9,-1,0,historical,realistic,1,1,1,0,0,4,100
2,strike-fired,9,-1,0,historical,realistic,1,1,2,0,0,4,92.5
3,strike-fired,9,-1,0,historical,realistic,1,1,3,0,0,4,85
4,strike-fired,9,-1,0,historical,realistic,1,1,4,0,0,4,62.5
5,strike-fired,9,-1,0,historical,realistic,1,1,5,0,0,4,62.5
6,strike-fired,9,-1,0,historical,realistic,1,1,6,0,0,3,60
6,surrender-wave,0,0,1,historical,realistic,1,1,6,0,0,3,60
7,strike-fired,9,-1,0,historical,realistic,1,1,7,0,0,3,40
7,bunker-collapsed,9,-1,1,historical,realistic,1,1,7,0,0,3,40
8,strike-fired,9,-1,0,historical,realistic,1,1,8,0,0,2,100
8,surrender-wave,0,0,1,historical,realistic,1,1,8,0,0,2,100
9,strike-fired,9,-1,0,historical,realistic,1,1,9,0,0,2,100
10,strike-fired,9,-1,0,historical,realistic,1,1,10,0,0,2,100
11,strike-fired,9,-1,0,historical,realistic,1,1,11,0,0,2,100
12,strike-fired,9,-1,0,historical,realistic,1,1,12,0,0,2,100
13,strike-fired,9,-1,0,historical,realistic,1,1,13,0,0,2,100
14,strike-fired,9,-1,0,historical,realistic,1,1,14,0,0,2,100
15,strike-fired,9,-1,0,historical,realistic,1,1,15,0,0,2,85
18,surrender-wave,0,0,1,historical,realistic,1,1,15,0,0,1,40
20,surrender-wave,0,0,1,historical,realistic,1,1,15,0,0,0,0
1,strike-fired,7,1,0,historical,realistic,1,1,1,0,0,4,100
2,strike-fired,7,1,0,historical,realistic,1,1,2,0,0,4,92.5
3,strike-fired,7,1,0,historical,realistic,1,1,3,0,0,4,85
4,strike-fired,2,-12,0,historical,realistic,1,1,4,0,0,4,77.5
5,strike-fired,2,-12,0,historical,realistic,1,1,5,0,0,4,62.5
6,strike-fired,2,-12,0,historical,realistic,1,1,6,0,0,4,47.5
7,strike-fired,7,1,0,historical,realistic,1,1,7,0,0,4,25
8,strike-fired,7,1,0,historical,realistic,1,1,8,0,0,4,10
9,strike-fired,7,1,0,historical,realistic,1,1,9,0,0,4,2.5
10,strike-fired,7,1,0,historical,realistic,1,1,10,0,0,3,100
10,surrender-wave,0,0,1,historical,realistic,1,1,10,0,0,3,100
11,strike-fired,7,1,0,historical,realistic,1,1,11,0,0,3,100
12,strike-fired,2,-12,0,historical,realistic,1,1,12,0,0,3,100
13,strike-fired,7,1,0,historical,realistic,1,1,13,0,0,3,100
14,strike-fired,7,1,0,historical,realistic,1,1,14,0,0,3,100
15,strike-fired,2,-12,0,historical,realistic,1,1,15,0,0,3,100
16,strike-fired,7,1,0,historical,realistic,1,1,16,0,0,3,80
17,strike-fired,7,1,0,historical,realistic,1,1,17,0,0,3,70
18,strike-fired,7,1,0,historical,realistic,1,1,18,0,0,3,50
19,strike-fired,7,1,0,historical,realistic,1,1,19,0,0,3,40
20,strike-fired,2,-12,0,historical,realistic,1,1,20,0,0,3,-10
21,strike-fired,2,-12,0,historical,realistic,1,1,21,0,0,2,100
21,surrender-wave,0,0,1,historical,realistic,1,1,21,0,0,2,100
22,strike-fired,7,1,0,historical,realistic,1,1,22,0,0,2,70
23,strike-fired,6,1,1,historical,realistic,1,1,23,1,0,1,100
24,strike-fired,2,-12,0,historical,realistic,1,1,24,1,0,1,100
25,strike-fired,2,-12,0,historical,realistic,1,1,25,1,0,1,100
26,strike-fired,2,-12,0,historical,realistic,1,1,26,1,0,1,100
27,strike-fired,2,-12,0,historical,realistic,1,1,27,1,0,1,100
28,strike-fired,2,-12,0,historical,realistic,1,1,28,1,0,1,100
29,strike-fired,2,-12,0,historical,realistic,1,1,29,1,0,1,100
30,strike-fired,2,-12,0,historical,realistic,1,1,30,1,0,1,100
31,strike-fired,2,-12,0,historical,realistic,1,1,31,1,0,1,100
32,strike-fired,2,-12,0,historical,realistic,1,1,32,1,0,1,100
33,strike-fired,2,-12,0,historical,realistic,1,1,33,1,0,1,100
34,strike-fired,2,-12,0,historical,realistic,1,1,34,1,0,1,100
35,strike-fired,2,-12,0,historical,realistic,1,1,35,1,0,1,100
36,strike-fired,2,-12,0,historical,realistic,1,1,36,1,0,1,100
37,strike-fired,2,-12,0,historical,realistic,1,1,37,1,0,1,100
38,strike-fired,2,-12,0,historical,realistic,1,1,38,1,0,1,100
39,strike-fired,2,-12,0,historical,realistic,1,1,39,1,0,1,100
40,strike-fired,2,-12,0,historical,realistic,1,1,40,1,0,1,100
41,strike-fired,2,-12,0,historical,realistic,1,1,41,1,0,1,100
42,strike-fired,2,-12,0,historical,realistic,1,1,42,1,0,1,100
43,strike-fired,2,-12,0,historical,realistic,1,1,43,1,0,1,100
44,strike-fired,2,-12,0,historical,realistic,1,1,44,1,0,1,100
45,strike-fired,2,-12,0,historical,realistic,1,1,45,1,0,1,100
46,strike-fired,2,-12,0,historical,realistic,1,1,46,1,0,1,100
47,strike-fired,2,-12,0,historical,realistic,1,1,47,1,0,1,100
48,strike-fired,2,-12,0,historical,realistic,1,1,48,1,0,1,100
49,strike-fired,2,-12,0,historical,realistic,1,1,49,1,0,1,100
50,strike-fired,2,-12,0,historical,realistic,1,1,50,1,0,1,100
51,strike-fired,2,-12,0,historical,realistic,1,1,51,1,0,1,100
52,strike-fired,2,-12,0,historical,realistic,1,1,52,1,0,1,100
53,strike-fired,2,-12,0,historical,realistic,1,1,53,1,0,1,100
54,strike-fired,2,-12,0,historical,realistic,1,1,54,1,0,1,100
55,strike-fired,2,-12,0,historical,realistic,1,1,55,1,0,1,100
56,strike-fired,2,-12,0,historical,realistic,1,1,56,1,0,1,100
57,strike-fired,2,-12,0,historical,realistic,1,1,57,1,0,1,100
58,strike-fired,2,-12,0,historical,realistic,1,1,58,1,0,1,100
59,strike-fired,2,-12,0,historical,realistic,1,1,59,1,0,1,100
60,strike-fired,2,-12,0,historical,realistic,1,1,60,1,0,1,100
61,strike-fired,2,-12,0,historical,realistic,1,1,61,1,0,1,100
62,strike-fired,2,-12,0,historical,realistic,1,1,62,1,0,1,100
63,strike-fired,2,-12,0,historical,realistic,1,1,63,1,0,1,100
64,strike-fired,2,-12,0,historical,realistic,1,1,64,1,0,1,100
65,strike-fired,2,-12,0,historical,realistic,1,1,65,1,0,1,100
66,strike-fired,2,-12,0,historical,realistic,1,1,66,1,0,1,100
67,strike-fired,2,-12,0,historical,realistic,1,1,67,1,0,1,100
68,strike-fired,2,-12,0,historical,realistic,1,1,68,1,0,1,100
69,strike-fired,2,-12,0,historical,realistic,1,1,69,1,0,1,100
70,strike-fired,2,-12,0,historical,realistic,1,1,70,1,0,1,100
71,strike-fired,2,-12,0,historical,realistic,1,1,71,1,0,1,100
72,strike-fired,2,-12,0,historical,realistic,1,1,72,1,0,1,100
73,strike-fired,2,-12,0,historical,realistic,1,1,73,1,0,1,100
74,strike-fired,2,-12,0,historical,realistic,1,1,74,1,0,1,100
75,strike-fired,2,-12,0,historical,realistic,1,1,75,1,0,1,100
76,strike-fired,2,-12,0,historical,realistic,1,1,76,1,0,1,100
77,strike-fired,2,-12,0,historical,realistic,1,1,77,1,0,1,100
78,strike-fired,2,-12,0,historical,realistic,1,1,78,1,0,1,100
79,strike-fired,2,-12,0,historical,realistic,1,1,79,1,0,1,100
80,strike-fired,2,-12,0,historical,realistic,1,1,80,1,0,1,100
81,strike-fired,2,-12,0,historical,realistic,1,1,81,1,0,1,100
82,strike-fired,2,-12,0,historical,realistic,1,1,82,1,0,1,100
83,strike-fired,2,-12,0,historical,realistic,1,1,83,1,0,1,100
84,strike-fired,2,-12,0,historical,realistic,1,1,84,1,0,1,100
85,strike-fired,2,-12,0,historical,realistic,1,1,85,1,0,1,100
86,strike-fired,2,-12,0,historical,realistic,1,1,86,1,0,1,100
87,strike-fired,2,-12,0,historical,realistic,1,1,87,1,0,1,100
88,strike-fired,2,-12,0,historical,realistic,1,1,88,1,0,1,100
89,strike-fired,2,-12,0,historical,realistic,1,1,89,1,0,1,100
90,strike-fired,2,-12,0,historical,realistic,1,1,90,1,0,1,100
91,strike-fired,2,-12,0,historical,realistic,1,1,91,1,0,1,100
92,strike-fired,2,-12,0,historical,realistic,1,1,92,1,0,1,100
93,strike-fired,2,-12,0,historical,realistic,1,1,93,1,0,1,100
94,strike-fired,2,-12,0,historical,realistic,1,1,94,1,0,1,100
95,strike-fired,2,-12,0,historical,realistic,1,1,95,1,0,1,100
96,strike-fired,2,-12,0,historical,realistic,1,1,96,1,0,1,100
97,strike-fired,2,-12,0,historical,realistic,1,1,97,1,0,1,100
98,strike-fired,2,-12,0,historical,realistic,1,1,98,1,0,1,100
99,strike-fired,2,-12,0,historical,realistic,1,1,99,1,0,1,100
100,strike-fired,2,-12,0,historical,realistic,1,1,100,1,0,1,100
101,strike-fired,2,-12,0,historical,realistic,1,1,101,1,0,1,100
102,strike-fired,2,-12,0,historical,realistic,1,1,102,1,0,1,100
103,strike-fired,2,-12,0,historical,realistic,1,1,103,1,0,1,100
104,strike-fired,2,-12,0,historical,realistic,1,1,104,1,0,1,100
105,strike-fired,2,-12,0,historical,realistic,1,1,105,1,0,1,100
106,strike-fired,2,-12,0,historical,realistic,1,1,106,1,0,1,100
107,strike-fired,2,-12,1,historical,realistic,1,1,107,2,0,0,0
1,strike-fired,8,8,0,historical,realistic,1,1,1,0,0,4,100
2,strike-fired,9,5,0,historical,realistic,1,1,2,0,0,4,100
3,strike-fired,8,8,0,historical,realistic,1,1,3,0,0,4,100
4,strike-fired,9,5,0,historical,realistic,1,1,4,0,0,4,100
5,strike-fired,8,8,0,historical,realistic,1,1,5,0,0,4,100
6,strike-fired,9,5,0,historical,realistic,1,1,6,0,0,4,100
7,strike-fired,8,8,0,historical,realistic,1,1,7,0,0,4,100
8,strike-fired,9,5,0,historical,realistic,1,1,8,0,0,4,100
9,strike-fired,9,5,0,historical,realistic,1,1,9,0,0,4,100
10,strike-fired,9,5,0,historical,realistic,1,1,10,0,0,4,100
11,strike-fired,8,8,0,historical,realistic,1,1,11,0,0,4,100
12,strike-fired,8,8,0,historical,realistic,1,1,12,0,0,4,100
13,strike-fired,9,5,0,historical,realistic,1,1,13,0,0,4,100
14,strike-fired,9,5,0,historical,realistic,1,1,14,0,0,4,92.5
15,strike-fired,8,8,0,historical,realistic,1,1,15,0,0,4,92.5
16,strike-fired,9,5,0,historical,realistic,1,1,16,0,0,4,85
17,strike-fired,9,5,0,historical,realistic,1,1,17,0,0,4,70
18,strike-fired,9,5,0,historical,realistic,1,1,18,0,0,4,62.5
19,strike-fired,9,5,0,historical,realistic,1,1,19,0,0,4,40
20,strike-fired,9,5,0,historical,realistic,1,1,20,0,0,4,25
21,strike-fired,9,5,0,historical,realistic,1,1,21,0,0,4,17.5
22,strike-fired,9,5,1,historical,realistic,1,1,22,1,0,2,25
22,surrender-wave,0,0,1,historical,realistic,1,1,22,1,0,2,25
23,surrender-wave,0,0,1,historical,realistic,1,1,22,1,0,1,100
29,surrender-wave,0,0,1,historical,realistic,1,1,22,1,0,0,0
1,strike-fired,8,3,0,historical,realistic,1,1,1,0,0,4,100
2,strike-fired,7,-7,0,historical,realistic,1,1,2,0,0,4,100
3,strike-fired,-10,-13,0,historical,realistic,1,1,3,0,0,4,100
4,strike-fired,-10,-13,0,historical,realistic,1,1,4,0,0,4,92.5
5,strike-fired,7,-7,0,historical,realistic,1,1,5,0,0,4,92.5
6,strike-fired,-10,-13,0,historical,realistic,1,1,6,0,0,4,77.5
7,strike-fired,-10,-13,0,historical,realistic,1,1,7,0,0,4,55
8,strike-fired,7,-7,0,historical,realistic,1,1,8,0,0,3,80
8,surrender-wave,0,0,1,historical,realistic,1,1,8,0,0,3,80
9,strike-fired,8,3,0,historical,realistic,1,1,9,0,0,3,80
10,strike-fired,7,-7,0,historical,realistic,1,1,10,0,0,3,80
11,strike-fired,-10,-13,0,historical,realistic,1,1,11,0,0,3,70
12,strike-fired,-11,-13,1,historical,realistic,1,1,12,1,0,2,100
13,strike-fired,7,-7,0,historical,realistic,1,1,13,1,0,2,100
14,strike-fired,8,3,0,historical,realistic,1,1,14,1,0,2,85
15,strike-fired,8,3,0,historical,realistic,1,1,15,1,0,2,85
16,strike-fired,7,-7,0,historical,realistic,1,1,16,1,0,2,85
17,strike-fired,7,-7,0,historical,realistic,1,1,17,1,0,2,70
18,strike-fired,7,-7,0,historical,realistic,1,1,18,1,0,2,70
19,strike-fired,8,3,1,historical,realistic,1,1,19,2,0,1,100
20,strike-fired,7,-7,0,historical,realistic,1,1,20,2,0,1,100
21,strike-fired,7,-7,0,historical,realistic,1,1,21,2,0,1,100
22,strike-fired,7,-7,0,historical,realistic,1,1,22,2,0,1,70
23,strike-fired,8,-6,1,historical,realistic,1,1,23,3,0,0,0
2,strike-fired,-10,4,1,historical,realistic,1,1,1,1,0,3,100
6,surrender-wave,0,0,1,historical,realistic,1,1,1,1,0,2,100
9,surrender-wave,0,0,1,historical,realistic,1,1,1,1,0,1,100
12,strike-fired,3,0,1,historical,realistic,1,1,2,2,0,0,0
1,strike-fired,-4,10,0,historical,realistic,1,1,1,0,0,4,32.5
2,strike-fired,-4,10,0,historical,realistic,1,1,2,0,0,4,2.5
3,strike-fired,2,4,0,historical,realistic,1,1,3,0,0,3,-10
3,surrender-wave,0,0,1,historical,realistic,1,1,3,0,0,3,-10
4,strike-fired,2,4,0,historical,realistic,1,1,4,0,0,2,70
4,surrender-wave,0,0,1,historical,realistic,1,1,4,0,0,2,70
5,strike-fired,-4,10,1,historical,realistic,1,1,5,1,0,1,100
6,strike-fired,2,4,0,historical,realistic,1,1,6,1,0,1,100
7,strike-fired,2,4,0,historical,realistic,1,1,7,1,0,1,100
8,strike-fired,2,4,0,historical,realistic,1,1,8,1,0,1,100
9,strike-fired,2,4,0,historical,realistic,1,1,9,1,0,1,100
10,strike-fired,2,4,0,historical,realistic,1,1,10,1,0,1,100
11,strike-fired,2,4,0,historical,realistic,1,1,11,1,0,1,70
12,strike-fired,2,4,0,historical,realistic,1,1,12,1,0,1,40
13,strike-fired,2,4,1,historical,realistic,1,1,13,2,0,0,0
4,surrender-wave,0,0,1,historical,realistic,1,1,0,0,0,3,40
8,surrender-wave,0,0,1,historical,realistic,1,1,0,0,0,2,100
14,surrender-wave,0,0,1,historical,realistic,1,1,0,0,0,1,100
18,surrender-wave,0,0,1,historical,realistic,1,1,0,0,0,0,0
1,strike-fired,-14,-5,0,historical,realistic,1,1,1,0,0,4,62.5
2,strike-fired,-14,-5,0,historical,realistic,1,1,2,0,0,4,25
3,strike-fired,-12,-13,0,historical,realistic,1,1,3,0,0,4,2.5
4,strike-fired,-12,-13,0,historical,realistic,1,1,4,0,0,2,100
4,surrender-wave,0,0,2,historical,realistic,1,1,4,0,0,2,100
5,strike-fired,-14,-5,0,historical,realistic,1,1,5,0,0,2,100
6,strike-fired,-12,-13,0,historical,realistic,1,1,6,0,0,2,100
7,strike-fired,-12,-13,0,historical,realistic,1,1,7,0,0,2,100
8,strike-fired,-14,-5,0,historical,realistic,1,1,8,0,0,2,100
9,strike-fired,-12,-13,0,historical,realistic,1,1,9,0,0,2,85
10,strike-fired,-14,-5,1,historical,realistic,1,1,10,1,0,1,100
11,strike-fired,-12,-13,0,historical,realistic,1,1,11,1,0,1,100
12,strike-fired,-12,-13,0,historical,realistic,1,1,12,1,0,1,40
13,strike-fired,-12,-13,1,historical,realistic,1,1,13,2,0,0,0
1,strike-fired,-16,7,0,historical,realistic,1,1,1,0,0,4,100
2,strike-fired,-16,7,0,historical,realistic,1,1,2,0,0,4,100
3,strike-fired,-16,7,0,historical,realistic,1,1,3,0,0,4,77.5
4,strike-fired,-16,7,1,historical,realistic,1,1,4,1,0,3,100
9,surrender-wave,0,0,1,historical,realistic,1,1,4,1,0,2,100
20,surrender-wave,0,0,1,historical,realistic,1,1,4,1,0,1,70
29,surrender-wave,0,0,1,historical,realistic,1,1,4,1,0,0,0
1,strike-fired,9,-1,0,historical,realistic,1,1,1,0,0,4,100
2,strike-fired,9,-1,0,historical,realistic,1,1,2,0,0,4,100
3,strike-fired,9,-1,0,historical,realistic,1,1,3,0,0,4,100
4,strike-fired,9,-1,0,historical,realistic,1,1,4,0,0,4,85
5,strike-fired,9,-1,0,historical,realistic,1,1,5,0,0,4,77.5
6,strike-fired,-2,11,0,historical,realistic,1,1,6,0,0,4,40
7,strike-fired,9,-1,0,historical,realistic,1,1,7,0,0,4,32.5
8,strike-fired,9,-1,0,historical,realistic,1,1,8,0,0,3,50
8,surrender-wave,0,0,1,historical,realistic,1,1,8,0,0,3,50
9,strike-fired,9,-1,0,historical,realistic,1,1,9,0,0,2,100
9,surrender-wave,0,0,1,historical,realistic,1,1,9,0,0,2,100
10,strike-fired,9,-1,0,historical,realistic,1,1,10,0,0,2,100
11,strike-fired,9,-1,0,historical,realistic,1,1,11,0,0,2,85
12,strike-fired,2,-11,0,historical,realistic,1,1,12,0,0,2,60
13,strike-fired,9,-1,0,historical,realistic,1,1,13,0,0,1,100
13,surrender-wave,0,0,1,historical,realistic,1,1,13,0,0,1,100
14,strike-fired,9,-1,0,historical,realistic,1,1,14,0,0,1,100
15,strike-fired,9,-1,0,historical,realistic,1,1,15,0,0,1,100
16,strike-fired,9,-1,0,historical,realistic,1,1,16,0,0,1,100
17,strike-fired,9,-1,0,historical,realistic,1,1,17,0,0,1,100
18,strike-fired,9,-1,0,historical,realistic,1,1,18,0,0,1,100
19,strike-fired,9,-1,0,historical,realistic,1,1,19,0,0,1,40
20,strike-fired,9,-1,0,historical,realistic,1,1,20,0,0,1,10
21,strike-fired,9,-1,1,historical,realistic,1,1,21,1,0,0,0
1,strike-fired,-3,8,0,historical,realistic,1,1,1,0,0,4,100
2,strike-fired,-3,8,0,historical,realistic,1,1,2,0,0,4,92.5
3,strike-fired,-3,8,0,historical,realistic,1,1,3,0,0,4,62.5
5,surrender-wave,0,0,2,historical,realistic,1,1,3,0,0,2,70
12,surrender-wave,0,0,1,historical,realistic,1,1,3,0,0,1,100
17,surrender-wave,0,0,1,historical,realistic,1,1,3,0,0,0,0
1,strike-fired,13,-4,0,historical,realistic,1,1,1,0,0,4,100
2,strike-fired,13,-4,0,historical,realistic,1,1,2,0,0,4,92.5
3,strike-fired,13,-4,0,historical,realistic,1,1,3,0,0,4,85
4,strike-fired,13,-4,0,historical,realistic,1,1,4,0,0,4,70
5,strike-fired,13,-4,1,historical,realistic,1,1,5,1,0,2,100
5,surrender-wave,0,0,1,historical,realistic,1,1,5,1,0,2,100
12,surrender-wave,0,0,1,historical,realistic,1,1,5,1,0,1,100
17,strike-fired,3,3,1,historical,realistic,1,1,6,2,0,0,0
1,strike-fired,-8,9,0,historical,realistic,1,1,1,0,0,4,77.5
2,strike-fired,-8,9,0,historical,realistic,1,1,2,0,0,4,55
3,strike-fired,-8,9,0,historical,realistic,1,1,3,0,0,4,40
4,strike-fired,-8,9,0,historical,realistic,1,1,4,0,0,4,25
5,strike-fired,-8,9,1,historical,realistic,1,1,5,1,0,2,40
5,surrender-wave,0,0,1,historical,realistic,1,1,5,1,0,2,40
6,surrender-wave,0,0,1,historical,realistic,1,1,5,1,0,1,70
9,surrender-wave,0,0,1,historical,realistic,1,1,5,1,0,0,0
1,strike-fired,-2,12,0,historical,realistic,1,1,1,0,0,4,85
2,strike-fired,-2,12,0,historical,realistic,1,1,2,0,0,4,85
3,strike-fired,-2,12,0,historical,realistic,1,1,3,0,0,4,55
4,strike-fired,-10,-4,1,historical,realistic,1,1,4,1,0,3,100
5,strike-fired,-2,12,0,historical,realistic,1,1,5,1,0,3,100
6,strike-fired,-2,12,0,historical,realistic,1,1,6,1,0,3,100
7,strike-fired,-2,12,0,historical,realistic,1,1,7,1,0,3,100
8,strike-fired,-2,12,0,historical,realistic,1,1,8,1,0,3,90
9,strike-fired,-2,12,0,historical,realistic,1,1,9,1,0,3,80
10,strike-fired,-2,12,0,historical,realistic,1,1,10,1,0,3,60
11,strike-fired,-2,12,0,historical,realistic,1,1,11,1,0,3,50
12,strike-fired,-2,12,0,historical,realistic,1,1,12,1,0,3,30
13,strike-fired,-2,12,0,historical,realistic,1,1,13,1,0,3,20
14,strike-fired,-2,12,0,historical,realistic,1,1,14,1,0,2,55
14,surrender-wave,0,0,1,historical,realistic,1,1,14,1,0,2,55
15,strike-fired,-2,12,0,historical,realistic,1,1,15,1,0,1,100
15,surrender-wave,0,0,1,historical,realistic,1,1,15,1,0,1,100
16,strike-fired,-2,12,0,historical,realistic,1,1,16,1,0,1,100
17,strike-fired,-2,12,0,historical,realistic,1,1,17,1,0,1,100
18,strike-fired,-2,12,0,historical,realistic,1,1,18,1,0,1,100
19,strike-fired,-2,12,0,historical,realistic,1,1,19,1,0,1,100
20,strike-fired,-2,12,0,historical,realistic,1,1,20,1,0,1,100
21,strike-fired,-2,12,0,historical,realistic,1,1,21,1,0,1,100
22,strike-fired,-2,12,0,historical,realistic,1,1,22,1,0,1,100
23,strike-fired,-2,12,0,historical,realistic,1,1,23,1,0,1,100
24,strike-fired,-2,12,0,historical,realistic,1,1,24,1,0,1,100
25,strike-fired,-2,12,0,historical,realistic,1,1,25,1,0,1,100
26,strike-fired,-2,12,0,historical,realistic,1,1,26,1,0,1,100
27,strike-fired,-2,12,0,historical,realistic,1,1,27,1,0,1,100
28,strike-fired,-2,12,0,historical,realistic,1,1,28,1,0,1,100
29,strike-fired,-2,12,0,historical,realistic,1,1,29,1,0,1,100
30,strike-fired,-2,12,0,historical,realistic,1,1,30,1,0,1,70
31,strike-fired,-2,12,0,historical,realistic,1,1,31,1,0,1,70
32,strike-fired,-2,12,0,historical,realistic,1,1,32,1,0,1,40
33,strike-fired,-2,12,0,historical,realistic,1,1,33,1,0,1,10
34,strike-fired,-2,12,1,historical,realistic,1,1,34,2,0,0,0
1,strike-fired,6,-7,0,historical,realistic,1,1,1,0,0,4,100
2,strike-fired,6,-7,0,historical,realistic,1,1,2,0,0,4,100
3,strike-fired,8,-6,0,historical,realistic,1,1,3,0,0,4,100
4,strike-fired,6,-7,0,historical,realistic,1,1,4,0,0,4,100
5,strike-fired,8,-6,0,historical,realistic,1,1,5,0,0,4,100
6,strike-fired,8,-6,0,historical,realistic,1,1,6,0,0,4,100
7,strike-fired,8,-6,0,historical,realistic,1,1,7,0,0,4,100
8,strike-fired,8,-6,0,historical,realistic,1,1,8,0,0,4,100
9,strike-fired,6,-7,0,historical,realistic,1,1,9,0,0,4,100
10,strike-fired,6,-7,0,historical,realistic,1,1,10,0,0,4,100
11,strike-fired,8,-6,0,historical,realistic,1,1,11,0,0,4,100
12,strike-fired,8,-6,0,historical,realistic,1,1,12,0,0,4,92.5
13,strike-fired,6,-7,0,historical,realistic,1,1,13,0,0,4,77.5
14,strike-fired,8,-6,0,historical,realistic,1,1,14,0,0,4,62.5
15,strike-fired,6,-7,0,historical,realistic,1,1,15,0,0,4,40
16,strike-fired,6,-7,0,historical,realistic,1,1,16,0,0,3,70
16,surrender-wave,0,0,1,historical,realistic,1,1,16,0,0,3,70
17,strike-fired,8,-1,1,historical,realistic,1,1,17,1,0,2,100
18,strike-fired,8,-6,0,historical,realistic,1,1,18,1,0,2,55
19,strike-fired,8,-6,1,historical,realistic,1,1,19,2,0,1,100
20,strike-fired,8,-6,0,historical,realistic,1,1,20,2,0,1,10
22,strike-fired,11,-4,1,historical,realistic,1,1,21,3,0,0,0
1,strike-fired,-5,10,0,historical,realistic,1,1,1,0,0,4,77.5
2,strike-fired,-5,10,0,historical,realistic,1,1,2,0,0,4,47.5
3,strike-fired,-5,10,0,historical,realistic,1,1,3,0,0,3,100
3,surrender-wave,0,0,1,historical,realistic,1,1,3,0,0,3,100
4,strike-fired,-5,10,0,historical,realistic,1,1,4,0,0,3,90
5,strike-fired,-5,10,0,historical,realistic,1,1,5,0,0,3,90
6,strike-fired,-5,10,0,historical,realistic,1,1,6,0,0,3,70
7,strike-fired,-5,10,1,historical,realistic,1,1,7,1,0,2,100
11,strike-fired,2,8,1,historical,realistic,1,1,8,2,0,1,100
20,surrender-wave,0,0,1,historical,realistic,1,1,8,2,0,0,0
1,strike-fired,-15,-6,0,historical,realistic,1,1,1,0,0,4,100
2,strike-fired,-15,-6,0,historical,realistic,1,1,2,0,0,4,100
3,strike-fired,1,9,0,historical,realistic,1,1,3,0,0,4,100
4,strike-fired,1,9,0,historical,realistic,1,1,4,0,0,4,100
5,strike-fired,1,9,0,historical,realistic,1,1,5,0,0,4,92.5
6,strike-fired,1,9,0,historical,realistic,1,1,6,0,0,4,85
7,strike-fired,1,9,0,historical,realistic,1,1,7,0,0,4,62.5
8,strike-fired,1,9,0,historical,realistic,1,1,8,0,0,4,40
9,strike-fired,-15,-6,0,historical,realistic,1,1,9,0,0,4,10
10,strike-fired,1,9,0,historical,realistic,1,1,10,0,0,3,100
10,surrender-wave,0,0,1,historical,realistic,1,1,10,0,0,3,100
11,strike-fired,1,9,0,historical,realistic,1,1,11,0,0,3,100
12,strike-fired,-15,-6,0,historical,realistic,1,1,12,0,0,3,70
13,strike-fired,1,9,0,historical,realistic,1,1,13,0,0,3,60
14,strike-fired,-15,-6,0,historical,realistic,1,1,14,0,0,2,100
14,surrender-wave,0,0,1,historical,realistic,1,1,14,0,0,2,100
15,strike-fired,-15,-6,0,historical,realistic,1,1,15,0,0,2,100
16,strike-fired,-15,-6,0,historical,realistic,1,1,16,0,0,2,100
17,strike-fired,-15,-6,0,historical,realistic,1,1,17,0,0,2,100
18,strike-fired,-15,-6,0,historical,realistic,1,1,18,0,0,2,100
19,strike-fired,1,9,0,historical,realistic,1,1,19,0,0,2,100
20,strike-fired,-15,-6,0,historical,realistic,1,1,20,0,0,2,100
21,strike-fired,-15,-6,0,historical,realistic,1,1,21,0,0,2,85
22,strike-fired,1,8,1,historical,realistic,1,1,22,1,0,1,100
23,strike-fired,-15,-6,0,historical,realistic,1,1,23,1,0,1,100
24,strike-fired,-15,-6,0,historical,realistic,1,1,24,1,0,1,100
25,strike-fired,-15,-6,0,historical,realistic,1,1,25,1,0,1,100
26,strike-fired,-15,-6,0,historical,realistic,1,1,26,1,0,1,100
27,strike-fired,-15,-6,0,historical,realistic,1,1,27,1,0,1,100
28,strike-fired,-15,-6,0,historical,realistic,1,1,28,1,0,1,100
29,strike-fired,-15,-6,0,historical,realistic,1,1,29,1,0,1,100
30,strike-fired,-15,-6,0,historical,realistic,1,1,30,1,0,1,100
31,strike-fired,-15,-6,0,historical,realistic,1,1,31,1,0,1,100
32,strike-fired,-15,-6,0,historical,realistic,1,1,32,1,0,1,100
33,strike-fired,-15,-6,0,historical,realistic,1,1,33,1,0,1,100
34,strike-fired,-15,-6,0,historical,realistic,1,1,34,1,0,1,100
35,strike-fired,-15,-6,0,historical,realistic,1,1,35,1,0,1,100
36,strike-fired,-15,-6,0,historical,realistic,1,1,36,1,0,1,100
37,strike-fired,-15,-6,0,historical,realistic,1,1,37,1,0,1,100
38,strike-fired,-15,-6,0,historical,realistic,1,1,38,1,0,1,100
39,strike-fired,-15,-6,0,historical,realistic,1,1,39,1,0,1,100
40,strike-fired,-15,-6,0,historical,realistic,1,1,40,1,0,1,100
41,strike-fired,-15,-6,0,historical,realistic,1,1,41,1,0,1,100
42,strike-fired,-15,-6,0,historical,realistic,1,1,42,1,0,1,100
43,strike-fired,-15,-6,0,historical,realistic,1,1,43,1,0,1,100
44,strike-fired,-15,-6,0,historical,realistic,1,1,44,1,0,1,100
45,strike-fired,-15,-6,0,historical,realistic,1,1,45,1,0,1,100
46,strike-fired,-15,-6,0,historical,realistic,1,1,46,1,0,1,100
47,strike-fired,-15,-6,0,historical,realistic,1,1,47,1,0,1,100
48,strike-fired,-15,-6,0,historical,realistic,1,1,48,1,0,1,100
49,strike-fired,-15,-6,0,historical,realistic,1,1,49,1,0,1,100
50,strike-fired,-15,-6,0,historical,realistic,1,1,50,1,0,1,100
51,strike-fired,-15,-6,0,historical,realistic,1,1,51,1,0,1,100
52,strike-fired,-15,-6,0,historical,realistic,1,1,52,1,0,1,100
53,strike-fired,-15,-6,0,historical,realistic,1,1,53,1,0,1,100
54,strike-fired,-15,-6,0,historical,realistic,1,1,54,1,0,1,100
55,strike-fired,-15,-6,0,historical,realistic,1,1,55,1,0,1,100
56,strike-fired,-15,-6,0,historical,realistic,1,1,56,1,0,1,100
57,strike-fired,-15,-6,0,historical,realistic,1,1,57,1,0,1,100
58,strike-fired,-15,-6,0,historical,realistic,1,1,58,1,0,1,100
59,strike-fired,-15,-6,0,historical,realistic,1,1,59,1,0,1,100
60,strike-fired,-15,-6,0,historical,realistic,1,1,60,1,0,1,100
61,strike-fired,-15,-6,0,historical,realistic,1,1,61,1,0,1,100
62,strike-fired,-15,-6,0,historical,realistic,1,1,62,1,0,1,100
63,strike-fired,-15,-6,0,historical,realistic,1,1,63,1,0,1,100
64,strike-fired,-15,-6,0,historical,realistic,1,1,64,1,0,1,100
65,strike-fired,-15,-6,0,historical,realistic,1,1,65,1,0,1,100
66,strike-fired,-15,-6,0,historical,realistic,1,1,66,1,0,1,100
67,strike-fired,-15,-6,0,historical,realistic,1,1,67,1,0,1,100
68,strike-fired,-15,-6,0,historical,realistic,1,1,68,1,0,1,100
69,strike-fired,-15,-6,0,historical,realistic,1,1,69,1,0,1,100
70,strike-fired,-15,-6,0,historical,realistic,1,1,70,1,0,1,100
71,strike-fired,-15,-6,0,historical,realistic,1,1,71,1,0,1,100
72,strike-fired,-15,-6,0,historical,realistic,1,1,72,1,0,1,100
73,strike-fired,-15,-6,0,historical,realistic,1,1,73,1,0,1,100
74,strike-fired,-15,-6,0,historical,realistic,1,1,74,1,0,1,100
75,strike-fired,-15,-6,0,historical,realistic,1,1,75,1,0,1,100
76,strike-fired,-15,-6,0,historical,realistic,1,1,76,1,0,1,100
77,strike-fired,-15,-6,0,historical,realistic,1,1,77,1,0,1,100
78,strike-fired,-15,-6,0,historical,realistic,1,1,78,1,0,1,100
79,strike-fired,-15,-6,0,historical,realistic,1,1,79,1,0,1,100
80,strike-fired,-15,-6,0,historical,realistic,1,1,80,1,0,1,100
81,strike-fired,-15,-6,0,historical,realistic,1,1,81,1,0,1,100
82,strike-fired,-15,-6,0,historical,realistic,1,1,82,1,0,1,100
83,strike-fired,-15,-6,0,historical,realistic,1,1,83,1,0,1,100
84,strike-fired,-15,-6,0,historical,realistic,1,1,84,1,0,1,100
85,strike-fired,-15,-6,0,historical,realistic,1,1,85,1,0,1,100
86,strike-fired,-15,-6,0,historical,realistic,1,1,86,1,0,1,100
87,strike-fired,-15,-6,0,historical,realistic,1,1,87,1,0,1,100
88,strike-fired,-15,-6,0,historical,realistic,1,1,88,1,0,1,100
89,strike-fired,-15,-6,0,historical,realistic,1,1,89,1,0,1,100
90,strike-fired,-15,-6,0,historical,realistic,1,1,90,1,0,1,100
91,strike-fired,-15,-6,0,historical,realistic,1,1,91,1,0,1,100
92,strike-fired,-15,-6,0,historical,realistic,1,1,92,1,0,1,100
93,strike-fired,-15,-6,0,historical,realistic,1,1,93,1,0,1,100
94,strike-fired,-15,-6,0,historical,realistic,1,1,94,1,0,1,100
95,strike-fired,-15,-6,0,historical,realistic,1,1,95,1,0,1,100
96,strike-fired,-15,-6,0,historical,realistic,1,1,96,1,0,1,100
97,strike-fired,-15,-6,0,historical,realistic,1,1,97,1,0,1,100
98,strike-fired,-15,-6,0,historical,realistic,1,1,98,1,0,1,100
99,strike-fired,-15,-6,0,historical,realistic,1,1,99,1,0,1,100
100,strike-fired,-15,-6,0,historical,realistic,1,1,100,1,0,1,100
101,strike-fired,-15,-6,0,historical,realistic,1,1,101,1,0,1,100
102,strike-fired,-15,-6,0,historical,realistic,1,1,102,1,0,1,100
103,strike-fired,-15,-6,0,historical,realistic,1,1,103,1,0,1,100
104,strike-fired,-15,-6,0,historical,realistic,1,1,104,1,0,1,100
105,strike-fired,-15,-6,0,historical,realistic,1,1,105,1,0,1,100
106,strike-fired,-15,-6,0,historical,realistic,1,1,106,1,0,1,100
107,strike-fired,-15,-6,0,historical,realistic,1,1,107,1,0,1,100
108,strike-fired,-15,-6,0,historical,realistic,1,1,108,1,0,1,100
109,strike-fired,-15,-6,0,historical,realistic,1,1,109,1,0,1,100
110,strike-fired,-15,-6,0,historical,realistic,1,1,110,1,0,1,100
111,strike-fired,-15,-6,0,historical,realistic,1,1,111,1,0,1,100
112,strike-fired,-15,-6,0,historical,realistic,1,1,112,1,0,1,100
113,strike-fired,-15,-6,0,historical,realistic,1,1,113,1,0,1,100
114,strike-fired,-15,-6,0,historical,realistic,1,1,114,1,0,1,100
115,strike-fired,-15,-6,0,historical,realistic,1,1,115,1,0,1,100
116,strike-fired,-15,-6,0,historical,realistic,1,1,116,1,0,1,100
117,strike-fired,-15,-6,0,historical,realistic,1,1,117,1,0,1,100
118,strike-fired,-15,-6,0,historical,realistic,1,1,118,1,0,1,100
119,strike-fired,-15,-6,0,historical,realistic,1,1,119,1,0,1,100
120,strike-fired,-15,-6,0,historical,realistic,1,1,120,1,0,1,100
121,strike-fired,-15,-6,0,historical,realistic,1,1,121,1,0,1,100
122,strike-fired,-15,-6,0,historical,realistic,1,1,122,1,0,1,100
123,strike-fired,-15,-6,0,historical,realistic,1,1,123,1,0,1,100
124,strike-fired,-15,-6,0,historical,realistic,1,1,124,1,0,1,100
125,strike-fired,-15,-6,0,historical,realistic,1,1,125,1,0,1,100
126,strike-fired,-15,-6,0,historical,realistic,1,1,126,1,0,1,100
127,strike-fired,-15,-6,0,historical,realistic,1,1,127,1,0,1,100
128,strike-fired,-15,-6,0,historical,realistic,1,1,128,1,0,1,100
129,strike-fired,-15,-6,0,historical,realistic,1,1,129,1,0,1,100
130,strike-fired,-15,-6,0,historical,realistic,1,1,130,1,0,1,100
131,strike-fired,-15,-6,0,historical,realistic,1,1,131,1,0,1,100
132,strike-fired,-15,-6,0,historical,realistic,1,1,132,1,0,1,100
133,strike-fired,-15,-6,0,historical,realistic,1,1,133,1,0,1,100
134,strike-fired,-15,-6,0,historical,realistic,1,1,134,1,0,1,100
135,strike-fired,-15,-6,0,historical,realistic,1,1,135,1,0,1,100
136,strike-fired,-15,-6,0,historical,realistic,1,1,136,1,0,1,100
137,strike-fired,-15,-6,0,historical,realistic,1,1,137,1,0,1,100
138,strike-fired,-15,-6,0,historical,realistic,1,1,138,1,0,1,100
139,strike-fired,-15,-6,0,historical,realistic,1,1,139,1,0,1,100
140,strike-fired,-15,-6,0,historical,realistic,1,1,140,1,0,1,100
141,strike-fired,-15,-6,0,historical,realistic,1,1,141,1,0,1,100
142,strike-fired,-15,-6,0,historical,realistic,1,1,142,1,0,1,100
143,strike-fired,-15,-6,0,historical,realistic,1,1,143,1,0,1,100
144,strike-fired,-15,-6,0,historical,realistic,1,1,144,1,0,1,100
145,strike-fired,-15,-6,0,historical,realistic,1,1,145,1,0,1,100
146,strike-fired,-15,-6,0,historical,realistic,1,1,146,1,0,1,100
147,strike-fired,-15,-6,0,historical,realistic,1,1,147,1,0,1,100
148,strike-fired,-15,-6,0,historical,realistic,1,1,148,1,0,1,100
149,strike-fired,-15,-6,0,historical,realistic,1,1,149,1,0,1,100
150,strike-fired,-15,-6,0,historical,realistic,1,1,150,1,0,1,100
151,strike-fired,-15,-6,0,historical,realistic,1,1,151,1,0,1,100
152,strike-fired,-15,-6,0,historical,realistic,1,1,152,1,0,1,100
153,strike-fired,-15,-6,0,historical,realistic,1,1,153,1,0,1,100
154,strike-fired,-15,-6,0,historical,realistic,1,1,154,1,0,1,100
155,strike-fired,-15,-6,0,historical,realistic,1,1,155,1,0,1,100
156,strike-fired,-15,-6,0,historical,realistic,1,1,156,1,0,1,100
157,strike-fired,-15,-6,0,historical,realistic,1,1,157,1,0,1,100
158,strike-fired,-15,-6,0,historical,realistic,1,1,158,1,0,1,100
159,strike-fired,-15,-6,0,historical,realistic,1,1,159,1,0,1,100
160,strike-fired,-15,-6,0,historical,realistic,1,1,160,1,0,1,100
161,strike-fired,-15,-6,0,historical,realistic,1,1,161,1,0,1,100
162,strike-fired,-15,-6,0,historical,realistic,1,1,162,1,0,1,100
163,strike-fired,-15,-6,0,historical,realistic,1,1,163,1,0,1,100
164,strike-fired,-15,-6,0,historical,realistic,1,1,164,1,0,1,100
165,strike-fired,-15,-6,0,historical,realistic,1,1,165,1,0,1,100
166,strike-fired,-15,-6,0,historical,realistic,1,1,166,1,0,1,100
167,strike-fired,-15,-6,0,historical,realistic,1,1,167,1,0,1,100
168,strike-fired,-15,-6,0,historical,realistic,1,1,168,1,0,1,100
169,strike-fired,-15,-6,0,historical,realistic,1,1,169,1,0,1,100
170,strike-fired,-15,-6,0,historical,realistic,1,1,170,1,0,1,100
171,strike-fired,-15,-6,0,historical,realistic,1,1,171,1,0,1,100
172,strike-fired,-15,-6,0,historical,realistic,1,1,172,1,0,1,100
173,strike-fired,-15,-6,0,historical,realistic,1,1,173,1,0,1,100
174,strike-fired,-15,-6,0,historical,realistic,1,1,174,1,0,1,100
175,strike-fired,-15,-6,0,historical,realistic,1,1,175,1,0,1,100
176,strike-fired,-15,-6,0,historical,realistic,1,1,176,1,0,1,100
177,strike-fired,-15,-6,0,historical,realistic,1,1,177,1,0,1,100
178,strike-fired,-15,-6,0,historical,realistic,1,1,178,1,0,1,100
179,strike-fired,-15,-6,0,historical,realistic,1,1,179,1,0,1,100
180,strike-fired,-15,-6,0,historical,realistic,1,1,180,1,0,1,100
181,strike-fired,-15,-6,0,historical,realistic,1,1,181,1,0,1,100
182,strike-fired,-15,-6,0,historical,realistic,1,1,182,1,0,1,100
183,strike-fired,-15,-6,0,historical,realistic,1,1,183,1,0,1,100
184,strike-fired,-15,-6,0,historical,realistic,1,1,184,1,0,1,100
185,strike-fired,-15,-6,0,historical,realistic,1,1,185,1,0,1,100
186,strike-fired,-15,-6,0,historical,realistic,1,1,186,1,0,1,100
187,strike-fired,-15,-6,0,historical,realistic,1,1,187,1,0,1,100
188,strike-fired,-15,-6,0,historical,realistic,1,1,188,1,0,1,100
189,strike-fired,-15,-6,0,historical,realistic,1,1,189,1,0,1,100
190,strike-fired,-15,-6,0,historical,realistic,1,1,190,1,0,1,100
191,strike-fired,-15,-6,0,historical,realistic,1,1,191,1,0,1,100
192,strike-fired,-15,-6,0,historical,realistic,1,1,192,1,0,1,100
193,strike-fired,-15,-6,0,historical,realistic,1,1,193,1,0,1,100
194,strike-fired,-15,-6,0,historical,realistic,1,1,194,1,0,1,100
195,strike-fired,-15,-6,0,historical,realistic,1,1,195,1,0,1,100
196,strike-fired,-15,-6,0,historical,realistic,1,1,196,1,0,1,100
197,strike-fired,-15,-6,0,historical,realistic,1,1,197,1,0,1,100
198,strike-fired,-15,-6,0,historical,realistic,1,1,198,1,0,1,100
199,strike-fired,-15,-6,0,historical,realistic,1,1,199,1,0,1,100
200,strike-fired,-15,-6,0,historical,realistic,1,1,200,1,0,1,100
201,strike-fired,-15,-6,0,historical,realistic,1,1,201,1,0,1,100
202,strike-fired,-15,-6,0,historical,realistic,1,1,202,1,0,1,100
203,strike-fired,-15,-6,0,historical,realistic,1,1,203,1,0,1,100
204,strike-fired,-15,-6,0,historical,realistic,1,1,204,1,0,1,100
205,strike-fired,-15,-6,0,historical,realistic,1,1,205,1,0,1,100
206,strike-fired,-15,-6,0,historical,realistic,1,1,206,1,0,1,100
207,strike-fired,-15,-6,0,historical,realistic,1,1,207,1,0,1,100
208,strike-fired,-15,-6,0,historical,realistic,1,1,208,1,0,1,100
209,strike-fired,-15,-6,0,historical,realistic,1,1,209,1,0,1,100
210,strike-fired,-15,-6,1,historical,realistic,1,1,210,2,0,0,0
1,strike-fired,-1,11,0,historical,realistic,1,1,1,0,0,4,100
2,strike-fired,-1,11,0,historical,realistic,1,1,2,0,0,4,100
3,strike-fired,1,8,0,historical,realistic,1,1,3,0,0,4,100
4,strike-fired,1,8,0,historical,realistic,1,1,4,0,0,4,100
5,strike-fired,1,8,0,historical,realistic,1,1,5,0,0,4,92.5
6,strike-fired,-1,11,0,historical,realistic,1,1,6,0,0,4,85
7,strike-fired,1,8,0,historical,realistic,1,1,7,0,0,4,85
8,strike-fired,1,8,0,historical,realistic,1,1,8,0,0,4,62.5
9,strike-fired,1,8,0,historical,realistic,1,1,9,0,0,3,100
9,surrender-wave,0,0,1,historical,realistic,1,1,9,0,0,3,100
10,strike-fired,1,8,0,historical,realistic,1,1,10,0,0,3,90
11,strike-fired,1,8,0,historical,realistic,1,1,11,0,0,3,80
12,strike-fired,1,8,1,historical,realistic,1,1,12,1,0,2,100
20,surrender-wave,0,0,1,historical,realistic,1,1,12,1,0,1,100
24,strike-fired,11,-2,1,historical,realistic,1,1,13,2,0,0,0
1,strike-fired,2,-11,0,historical,realistic,1,1,1,0,0,4,100
2,strike-fired,13,3,0,historical,realistic,1,1,2,0,0,4,100
3,strike-fired,2,-11,0,historical,realistic,1,1,3,0,0,4,100
4,strike-fired,2,-11,0,historical,realistic,1,1,4,0,0,4,100
5,strike-fired,13,3,0,historical,realistic,1,1,5,0,0,4,100
6,strike-fired,13,3,0,historical,realistic,1,1,6,0,0,4,77.5
7,strike-fired,13,3,0,historical,realistic,1,1,7,0,0,4,70
8,strike-fired,13,3,0,historical,realistic,1,1,8,0,0,3,100
8,surrender-wave,0,0,1,historical,realistic,1,1,8,0,0,3,100
9,strike-fired,13,3,0,historical,realistic,1,1,9,0,0,3,100
10,strike-fired,13,3,0,historical,realistic,1,1,10,0,0,3,100
11,strike-fired,2,-11,0,historical,realistic,1,1,11,0,0,3,100
12,strike-fired,13,3,0,historical,realistic,1,1,12,0,0,3,100
12,bunker-collapsed,13,3,1,historical,realistic,1,1,12,0,0,3,100
13,strike-fired,13,3,0,historical,realistic,1,1,13,0,0,3,90
14,strike-fired,13,3,0,historical,realistic,1,1,14,0,0,3,80
15,strike-fired,13,3,0,historical,realistic,1,1,15,0,0,3,50
16,strike-fired,13,3,0,historical,realistic,1,1,16,0,0,2,100
16,surrender-wave,0,0,1,historical,realistic,1,1,16,0,0,2,100
17,strike-fired,13,3,0,historical,realistic,1,1,17,0,0,2,100
18,strike-fired,13,3,0,historical,realistic,1,1,18,0,0,2,100
19,strike-fired,13,3,1,historical,realistic,1,1,19,1,0,1,70
21,surrender-wave,0,0,1,historical,realistic,1,1,19,1,0,0,0
1,strike-fired,9,5,0,historical,realistic,1,1,1,0,0,4,100
2,strike-fired,9,5,0,historical,realistic,1,1,2,0,0,4,100
3,strike-fired,9,5,0,historical,realistic,1,1,3,0,0,4,100
4,strike-fired,12,3,0,historical,realistic,1,1,4,0,0,4,92.5
5,strike-fired,12,3,0,historical,realistic,1,1,5,0,0,4,85
6,strike-fired,9,5,0,historical,realistic,1,1,6,0,0,4,85
7,strike-fired,9,5,0,historical,realistic,1,1,7,0,0,4,77.5
8,strike-fired,12,3,0,historical,realistic,1,1,8,0,0,3,100
8,surrender-wave,0,0,1,historical,realistic,1,1,8,0,0,3,100
9,strike-fired,9,5,0,historical,realistic,1,1,9,0,0,3,90
10,strike-fired,9,5,0,historical,realistic,1,1,10,0,0,3,90
11,strike-fired,9,5,0,historical,realistic,1,1,11,0,0,3,90
12,strike-fired,12,3,0,historical,realistic,1,1,12,0,0,3,90
13,strike-fired,12,3,0,historical,realistic,1,1,13,0,0,3,90
14,strike-fired,9,5,0,historical,realistic,1,1,14,0,0,3,80
15,strike-fired,12,3,0,historical,realistic,1,1,15,0,0,3,60
16,strike-fired,9,5,0,historical,realistic,1,1,16,0,0,3,50
17,strike-fired,9,5,0,historical,realistic,1,1,17,0,0,3,30
18,strike-fired,12,3,0,historical,realistic,1,1,18,0,0,2,100
18,surrender-wave,0,0,1,historical,realistic,1,1,18,0,0,2,100
19,strike-fired,9,5,0,historical,realistic,1,1,19,0,0,2,70
20,strike-fired,12,3,0,historical,realistic,1,1,20,0,0,2,55
21,strike-fired,9,8,1,historical,realistic,1,1,21,1,0,1,100
22,strike-fired,12,3,0,historical,realistic,1,1,22,1,0,1,100
23,strike-fired,12,3,0,historical,realistic,1,1,23,1,0,1,70
24,strike-fired,11,2,1,historical,realistic,1,1,24,2,0,0,0
1,strike-fired,-8,12,0,historical,realistic,1,1,1,0,0,4,100
2,strike-fired,4,-11,0,historical,realistic,1,1,2,0,0,4,100
3,strike-fired,-2,7,0,historical,realistic,1,1,3,0,0,4,92.5
4,strike-fired,-8,12,0,historical,realistic,1,1,4,0,0,4,85
5,strike-fired,4,-11,0,historical,realistic,1,1,5,0,0,4,77.5
6,strike-fired,1,6,0,historical,realistic,1,1,6,0,0,4,50
7,strike-fired,-12,-14,0,historical,realistic,1,1,7,0,0,4,35
8,strike-fired,2,5,0,historical,realistic,1,1,8,0,0,3,63.333333333333336
8,surrender-wave,0,0,1,historical,realistic,1,1,8,0,0,3,63.333333333333336
9,strike-fired,4,-11,0,historical,realistic,1,1,9,0,0,3,53.333333333333336
10,strike-fired,4,-11,0,historical,realistic,1,1,10,0,0,3,53.333333333333336
11,strike-fired,4,-11,0,historical,realistic,1,1,11,0,0,3,33.333333333333336
12,strike-fired,2,5,1,historical,realistic,1,1,12,1,0,2,55
13,strike-fired,-12,-14,1,historical,realistic,1,1,13,2,0,1,100
14,strike-fired,4,-11,0,historical,realistic,1,1,14,2,0,1,100
15,strike-fired,4,-11,0,historical,realistic,1,1,15,2,0,1,100
16,strike-fired,4,-11,0,historical,realistic,1,1,16,2,0,1,100
17,strike-fired,4,-11,0,historical,realistic,1,1,17,2,0,1,100
18,strike-fired,4,-11,0,historical,realistic,1,1,18,2,0,1,100
19,strike-fired,4,-11,1,historical,realistic,1,1,19,3,0,0,0
5,surrender-wave,0,0,1,historical,realistic,1,1,0,0,0,3,100
8,surrender-wave,0,0,1,historical,realistic,1,1,0,0,0,2,55
10,surrender-wave,0,0,1,historical,realistic,1,1,0,0,0,1,70
12,surrender-wave,0,0,1,historical,realistic,1,1,0,0,0,0,0
1,strike-fired,1,9,0,historical,realistic,1,1,1,0,0,4,70
2,strike-fired,-10,4,1,historical,realistic,1,1,2,1,0,3,100
3,strike-fired,1,9,0,historical,realistic,1,1,3,1,0,3,70
4,strike-fired,-10,4,1,historical,realistic,1,1,4,2,0,2,100
5,strike-fired,1,9,0,historical,realistic,1,1,5,2,0,2,85
6,strike-fired,1,9,0,historical,realistic,1,1,6,2,0,2,55
7,strike-fired,1,9,0,historical,realistic,1,1,7,2,0,2,10
8,strike-fired,1,9,0,historical,realistic,1,1,8,2,0,1,100
8,surrender-wave,0,0,1,historical,realistic,1,1,8,2,0,1,100
9,strike-fired,1,9,0,historical,realistic,1,1,9,2,0,1,100
10,strike-fired,1,9,0,historical,realistic,1,1,10,2,0,1,100
11,strike-fired,1,9,0,historical,realistic,1,1,11,2,0,1,100
12,strike-fired,1,9,0,historical,realistic,1,1,12,2,0,1,100
13,strike-fired,1,9,0,historical,realistic,1,1,13,2,0,1,100
14,strike-fired,1,9,0,historical,realistic,1,1,14,2,0,1,10
15,strike-fired,0,9,1,historical,realistic,1,1,15,3,0,0,0
1,strike-fired,-10,14,0,historical,realistic,1,1,1,0,0,4,100
2,strike-fired,-10,14,0,historical,realistic,1,1,2,0,0,4,100
3,strike-fired,-10,14,0,historical,realistic,1,1,3,0,0,4,100
4,strike-fired,-10,14,0,historical,realistic,1,1,4,0,0,4,100
5,strike-fired,10,-7,0,historical,realistic,1,1,5,0,0,4,100
6,strike-fired,-10,14,0,historical,realistic,1,1,6,0,0,4,100
7,strike-fired,-10,14,0,historical,realistic,1,1,7,0,0,4,100
8,strike-fired,10,-7,0,historical,realistic,1,1,8,0,0,4,92.5
9,strike-fired,-10,14,0,historical,realistic,1,1,9,0,0,4,92.5
10,strike-fired,10,-7,0,historical,realistic,1,1,10,0,0,4,85
11,strike-fired,-10,14,0,historical,realistic,1,1,11,0,0,4,85
12,strike-fired,10,-7,0,historical,realistic,1,1,12,0,0,4,77.5
13,strike-fired,-10,13,1,historical,realistic,1,1,13,1,0,3,100
14,strike-fired,10,-7,0,historical,realistic,1,1,14,1,0,3,90
15,strike-fired,6,-1,1,historical,realistic,1,1,15,2,0,2,100
16,strike-fired,10,-7,0,historical,realistic,1,1,16,2,0,2,100
17,strike-fired,10,-7,0,historical,realistic,1,1,17,2,0,2,100
18,strike-fired,10,-7,0,historical,realistic,1,1,18,2,0,2,85
19,strike-fired,10,-6,1,historical,realistic,1,1,19,3,0,1,100
27,surrender-wave,0,0,1,historical,realistic,1,1,19,3,0,0,0
1,strike-fired,-7,10,0,historical,realistic,1,1,1,0,0,4,100
2,strike-fired,5,2,0,historical,realistic,1,1,2,0,0,4,100
3,strike-fired,5,2,0,historical,realistic,1,1,3,0,0,4,92.5
4,strike-fired,-7,10,0,historical,realistic,1,1,4,0,0,4,92.5
5,strike-fired,4,-11,0,historical,realistic,1,1,5,0,0,4,70
6,strike-fired,4,-11,0,historical,realistic,1,1,6,0,0,3,100
6,surrender-wave,0,0,1,historical,realistic,1,1,6,0,0,3,100
7,strike-fired,5,2,0,historical,realistic,1,1,7,0,0,3,100
8,strike-fired,5,2,0,historical,realistic,1,1,8,0,0,3,100
9,strike-fired,14,-3,0,historical,realistic,1,1,9,0,0,3,100
10,strike-fired,14,-3,0,historical,realistic,1,1,10,0,0,3,100
11,strike-fired,5,2,0,historical,realistic,1,1,11,0,0,3,90
12,strike-fired,4,-11,0,historical,realistic,1,1,12,0,0,3,70
13,strike-fired,14,-3,0,historical,realistic,1,1,13,0,0,3,60
14,strike-fired,14,-3,0,historical,realistic,1,1,14,0,0,3,40
15,strike-fired,14,-3,0,historical,realistic,1,1,15,0,0,2,100
15,surrender-wave,0,0,1,historical,realistic,1,1,15,0,0,2,100
16,strike-fired,14,-3,0,historical,realistic,1,1,16,0,0,2,100
17,strike-fired,14,-3,0,historical,realistic,1,1,17,0,0,2,100
18,strike-fired,4,-11,0,historical,realistic,1,1,18,0,0,2,100
19,strike-fired,4,-11,0,historical,realistic,1,1,19,0,0,2,100
20,strike-fired,4,-11,0,historical,realistic,1,1,20,0,0,2,100
21,strike-fired,4,-11,0,historical,realistic,1,1,21,0,0,2,100
21,bunker-collapsed,4,-11,1,historical,realistic,1,1,21,0,0,2,100
22,strike-fired,14,-3,0,historical,realistic,1,1,22,0,0,2,85
23,strike-fired,14,-3,1,historical,realistic,1,1,23,1,0,1,100
24,strike-fired,4,-11,0,historical,realistic,1,1,24,1,0,1,100
24,bunker-collapsed,4,-11,1,historical,realistic,1,1,24,1,0,1,100
25,strike-fired,4,-11,0,historical,realistic,1,1,25,1,0,1,100
26,strike-fired,4,-11,0,historical,realistic,1,1,26,1,0,1,70
27,strike-fired,4,-11,1,historical,realistic,1,1,27,2,0,0,0
1,strike-fired,6,-1,0,historical,realistic,1,1,1,0,0,4,85
2,strike-fired,6,-1,0,historical,realistic,1,1,2,0,0,4,77.5
3,strike-fired,6,-1,0,historical,realistic,1,1,3,0,0,4,55
4,strike-fired,-6,11,0,historical,realistic,1,1,4,0,0,3,100
4,surrender-wave,0,0,1,historical,realistic,1,1,4,0,0,3,100
5,strike-fired,6,-1,0,historical,realistic,1,1,5,0,0,3,100
6,strike-fired,6,-1,0,historical,realistic,1,1,6,0,0,3,70
7,strike-fired,-6,10,1,historical,realistic,1,1,7,1,0,2,100
8,strike-fired,6,-1,0,historical,realistic,1,1,8,1,0,2,100
9,strike-fired,6,-1,0,historical,realistic,1,1,9,1,0,2,100
10,strike-fired,6,-1,0,historical,realistic,1,1,10,1,0,2,100
11,strike-fired,6,-1,0,historical,realistic,1,1,11,1,0,2,100
12,strike-fired,6,-1,0,historical,realistic,1,1,12,1,0,2,100
13,strike-fired,6,-1,0,historical,realistic,1,1,13,1,0,2,100
14,strike-fired,6,-1,1,historical,realistic,1,1,14,2,0,1,100
26,surrender-wave,0,0,1,historical,realistic,1,1,14,2,0,0,0
1,strike-fired,14,2,0,historical,realistic,1,1,1,0,0,4,77.5
2,strike-fired,14,2,0,historical,realistic,1,1,2,0,0,4,70
3,strike-fired,14,2,0,historical,realistic,1,1,3,0,0,3,100
3,surrender-wave,0,0,1,historical,realistic,1,1,3,0,0,3,100
4,strike-fired,14,2,0,historical,realistic,1,1,4,0,0,3,100
5,strike-fired,14,2,0,historical,realistic,1,1,5,0,0,3,100
6,strike-fired,14,2,0,historical,realistic,1,1,6,0,0,3,100
7,strike-fired,14,2,0,historical,realistic,1,1,7,0,0,3,90
8,strike-fired,14,2,0,historical,realistic,1,1,8,0,0,3,80
9,strike-fired,14,2,0,historical,realistic,1,1,9,0,0,3,70
10,strike-fired,14,2,0,historical,realistic,1,1,10,0,0,3,70
11,strike-fired,14,2,0,historical,realistic,1,1,11,0,0,3,50
12,strike-fired,14,2,0,historical,realistic,1,1,12,0,0,3,20
13,strike-fired,14,2,0,historical,realistic,1,1,13,0,0,2,10
13,surrender-wave,0,0,1,historical,realistic,1,1,13,0,0,2,10
14,strike-fired,14,2,0,historical,realistic,1,1,14,0,0,2,-5
15,strike-fired,14,2,0,historical,realistic,1,1,15,0,0,1,100
15,surrender-wave,0,0,1,historical,realistic,1,1,15,0,0,1,100
16,strike-fired,14,2,0,historical,realistic,1,1,16,0,0,1,100
17,strike-fired,14,2,0,historical,realistic,1,1,17,0,0,1,100
18,strike-fired,14,2,0,historical,realistic,1,1,18,0,0,1,100
19,strike-fired,14,2,0,historical,realistic,1,1,19,0,0,1,100
20,strike-fired,14,2,0,historical,realistic,1,1,20,0,0,1,100
21,strike-fired,14,2,0,historical,realistic,1,1,21,0,0,1,100
22,strike-fired,14,2,0,historical,realistic,1,1,22,0,0,1,100
23,strike-fired,14,2,0,historical,realistic,1,1,23,0,0,1,100
24,strike-fired,14,2,0,historical,realistic,1,1,24,0,0,1,70
25,strike-fired,14,2,0,historical,realistic,1,1,25,0,0,1,40
26,strike-fired,14,2,0,historical,realistic,1,1,26,0,0,1,40
27,strike-fired,14,2,0,historical,realistic,1,1,27,0,0,1,10
28,strike-fired,14,2,1,historical,realistic,1,1,28,1,0,0,0
1,strike-fired,-1,-12,0,historical,realistic,1,1,1,0,0,4,100
2,strike-fired,-2,7,0,historical,realistic,1,1,2,0,0,4,100
3,strike-fired,-2,7,0,historical,realistic,1,1,3,0,0,4,92.5
4,strike-fired,2,8,0,historical,realistic,1,1,4,0,0,4,70
5,strike-fired,-1,-12,0,historical,realistic,1,1,5,0,0,3,100
5,surrender-wave,0,0,1,historical,realistic,1,1,5,0,0,3,100
6,strike-fired,2,8,0,historical,realistic,1,1,6,0,0,3,70
7,strike-fired,-1,-12,0,historical,realistic,1,1,7,0,0,3,60
8,strike-fired,-1,-12,0,historical,realistic,1,1,8,0,0,2,100
8,surrender-wave,0,0,1,historical,realistic,1,1,8,0,0,2,100
9,strike-fired,2,8,0,historical,realistic,1,1,9,0,0,2,100
10,strike-fired,2,8,0,historical,realistic,1,1,10,0,0,2,100
11,strike-fired,2,8,0,historical,realistic,1,1,11,0,0,2,85
12,strike-fired,-1,-12,0,historical,realistic,1,1,12,0,0,2,85
13,strike-fired,2,8,0,historical,realistic,1,1,13,0,0,2,70
14,strike-fired,-1,-12,0,historical,realistic,1,1,14,0,0,2,25
15,strike-fired,-1,-12,0,historical,realistic,1,1,15,0,0,1,100
15,surrender-wave,0,0,1,historical,realistic,1,1,15,0,0,1,100
16,strike-fired,-1,-12,0,historical,realistic,1,1,16,0,0,1,100
17,strike-fired,-1,-12,0,historical,realistic,1,1,17,0,0,1,100
18,strike-fired,-1,-12,0,historical,realistic,1,1,18,0,0,1,100
19,strike-fired,-1,-12,0,historical,realistic,1,1,19,0,0,1,100
20,strike-fired,-1,-12,0,historical,realistic,1,1,20,0,0,1,100
21,strike-fired,-1,-12,0,historical,realistic,1,1,21,0,0,1,100
22,strike-fired,-1,-12,0,historical,realistic,1,1,22,0,0,1,100
23,strike-fired,-1,-12,0,historical,realistic,1,1,23,0,0,1,100
24,strike-fired,-1,-12,0,historical,realistic,1,1,24,0,0,1,100
25,strike-fired,-1,-12,0,historical,realistic,1,1,25,0,0,1,100
26,strike-fired,-1,-12,0,historical,realistic,1,1,26,0,0,1,100
27,strike-fired,-1,-12,0,historical,realistic,1,1,27,0,0,1,100
28,strike-fired,-1,-12,0,historical,realistic,1,1,28,0,0,1,100
29,strike-fired,-1,-12,0,historical,realistic,1,1,29,0,0,1,100
30,strike-fired,-1,-12,0,historical,realistic,1,1,30,0,0,1,100
31,strike-fired,-1,-12,0,historical,realistic,1,1,31,0,0,1,100
32,strike-fired,-1,-12,0,historical,realistic,1,1,32,0,0,1,100
33,strike-fired,-1,-12,0,historical,realistic,1,1,33,0,0,1,100
34,strike-fired,-1,-12,0,historical,realistic,1,1,34,0,0,1,100
35,strike-fired,-1,-12,0,historical,realistic,1,1,35,0,0,1,100
36,strike-fired,-1,-12,0,historical,realistic,1,1,36,0,0,1,100
37,strike-fired,-1,-12,0,historical,realistic,1,1,37,0,0,1,100
38,strike-fired,-1,-12,0,historical,realistic,1,1,38,0,0,1,100
39,strike-fired,-1,-12,0,historical,realistic,1,1,39,0,0,1,100
40,strike-fired,-1,-12,0,historical,realistic,1,1,40,0,0,1,100
41,strike-fired,-1,-12,0,historical,realistic,1,1,41,0,0,1,100
42,strike-fired,-1,-12,0,historical,realistic,1,1,42,0,0,1,100
43,strike-fired,-1,-12,0,historical,realistic,1,1,43,0,0,1,100
44,strike-fired,-1,-12,0,historical,realistic,1,1,44,0,0,1,100
45,strike-fired,-1,-12,0,historical,realistic,1,1,45,0,0,1,100
46,strike-fired,-1,-12,0,historical,realistic,1,1,46,0,0,1,100
47,strike-fired,-1,-12,0,historical,realistic,1,1,47,0,0,1,100
48,strike-fired,-1,-12,0,historical,realistic,1,1,48,0,0,1,100
49,strike-fired,-1,-12,0,historical,realistic,1,1,49,0,0,1,100
50,strike-fired,-1,-12,0,historical,realistic,1,1,50,0,0,1,100
51,strike-fired,-1,-12,0,historical,realistic,1,1,51,0,0,1,100
52,strike-fired,-1,-12,0,historical,realistic,1,1,52,0,0,1,100
53,strike-fired,-1,-12,0,historical,realistic,1,1,53,0,0,1,100
54,strike-fired,-1,-12,0,historical,realistic,1,1,54,0,0,1,100
55,strike-fired,-1,-12,0,historical,realistic,1,1,55,0,0,1,100
56,strike-fired,-1,-12,0,historical,realistic,1,1,56,0,0,1,100
57,strike-fired,-1,-12,0,historical,realistic,1,1,57,0,0,1,100
58,strike-fired,-1,-12,0,historical,realistic,1,1,58,0,0,1,100
59,strike-fired,-1,-12,0,historical,realistic,1,1,59,0,0,1,100
60,strike-fired,-1,-12,0,historical,realistic,1,1,60,0,0,1,100
61,strike-fired,-1,-12,0,historical,realistic,1,1,61,0,0,1,100
62,strike-fired,-1,-12,0,historical,realistic,1,1,62,0,0,1,100
63,strike-fired,-1,-12,0,historical,realistic,1,1,63,0,0,1,100
64,strike-fired,-1,-12,0,historical,realistic,1,1,64,0,0,1,100
65,strike-fired,-1,-12,0,historical,realistic,1,1,65,0,0,1,100
66,strike-fired,-1,-12,0,historical,realistic,1,1,66,0,0,1,100
67,strike-fired,-1,-12,0,historical,realistic,1,1,67,0,0,1,100
68,strike-fired,-1,-12,0,historical,realistic,1,1,68,0,0,1,100
69,strike-fired,-1,-12,0,historical,realistic,1,1,69,0,0,1,100
70,strike-fired,-1,-12,0,historical,realistic,1,1,70,0,0,1,100
71,strike-fired,-1,-12,0,historical,realistic,1,1,71,0,0,1,100
72,strike-fired,-1,-12,0,historical,realistic,1,1,72,0,0,1,100
73,strike-fired,-1,-12,0,historical,realistic,1,1,73,0,0,1,100
74,strike-fired,-1,-12,0,historical,realistic,1,1,74,0,0,1,100
75,strike-fired,-1,-12,0,historical,realistic,1,1,75,0,0,1,100
76,strike-fired,-1,-12,0,historical,realistic,1,1,76,0,0,1,100
77,strike-fired,-1,-12,0,historical,realistic,1,1,77,0,0,1,100
78,strike-fired,-1,-12,0,historical,realistic,1,1,78,0,0,1,100
79,strike-fired,-1,-12,0,historical,realistic,1,1,79,0,0,1,100
80,strike-fired,-1,-12,0,historical,realistic,1,1,80,0,0,1,100
81,strike-fired,-1,-12,0,historical,realistic,1,1,81,0,0,1,100
82,strike-fired,-1,-12,0,historical,realistic,1,1,82,0,0,1,100
83,strike-fired,-1,-12,0,historical,realistic,1,1,83,0,0,1,100
84,strike-fired,-1,-12,0,historical,realistic,1,1,84,0,0,1,100
85,strike-fired,-1,-12,0,historical,realistic,1,1,85,0,0,1,100
86,strike-fired,-1,-12,0,historical,realistic,1,1,86,0,0,1,100
87,strike-fired,-1,-12,0,historical,realistic,1,1,87,0,0,1,100
88,strike-fired,-1,-12,0,historical,realistic,1,1,88,0,0,1,100
89,strike-fired,-1,-12,0,historical,realistic,1,1,89,0,0,1,100
90,strike-fired,-1,-12,0,historical,realistic,1,1,90,0,0,1,100
91,strike-fired,-1,-12,0,historical,realistic,1,1,91,0,0,1,100
92,strike-fired,-1,-12,0,historical,realistic,1,1,92,0,0,1,100
93,strike-fired,-1,-12,0,historical,realistic,1,1,93,0,0,1,100
94,strike-fired,-1,-12,0,historical,realistic,1,1,94,0,0,1,100
95,strike-fired,-1,-12,0,historical,realistic,1,1,95,0,0,1,100
96,strike-fired,-1,-12,0,historical,realistic,1,1,96,0,0,1,100
97,strike-fired,-1,-12,0,historical,realistic,1,1,97,0,0,1,100
98,strike-fired,-1,-12,0,historical,realistic,1,1,98,0,0,1,100
99,strike-fired,-1,-12,0,historical,realistic,1,1,99,0,0,1,100
100,strike-fired,-1,-12,0,historical,realistic,1,1,100,0,0,1,100
101,strike-fired,-1,-12,0,historical,realistic,1,1,101,0,0,1,100
102,strike-fired,-1,-12,0,historical,realistic,1,1,102,0,0,1,100
103,strike-fired,-1,-12,0,historical,realistic,1,1,103,0,0,1,100
104,strike-fired,-1,-12,0,historical,realistic,1,1,104,0,0,1,100
105,strike-fired,-1,-12,0,historical,realistic,1,1,105,0,0,1,100
106,strike-fired,-1,-12,0,historical,realistic,1,1,106,0,0,1,100
107,strike-fired,-1,-12,0,historical,realistic,1,1,107,0,0,1,100
108,strike-fired,-1,-12,0,historical,realistic,1,1,108,0,0,1,100
109,strike-fired,-1,-12,0,historical,realistic,1,1,109,0,0,1,100
110,strike-fired,-1,-12,0,historical,realistic,1,1,110,0,0,1,100
111,strike-fired,-1,-12,0,historical,realistic,1,1,111,0,0,1,100
112,strike-fired,-1,-12,0,historical,realistic,1,1,112,0,0,1,100
113,strike-fired,-1,-12,0,historical,realistic,1,1,113,0,0,1,100
114,strike-fired,-1,-12,0,historical,realistic,1,1,114,0,0,1,100
115,strike-fired,-1,-12,0,historical,realistic,1,1,115,0,0,1,100
116,strike-fired,-1,-12,0,historical,realistic,1,1,116,0,0,1,100
117,strike-fired,-1,-12,0,historical,realistic,1,1,117,0,0,1,100
118,strike-fired,-1,-12,0,historical,realistic,1,1,118,0,0,1,100
119,strike-fired,-1,-12,0,historical,realistic,1,1,119,0,0,1,100
120,strike-fired,-1,-12,0,historical,realistic,1,1,120,0,0,1,100
121,strike-fired,-1,-12,0,historical,realistic,1,1,121,0,0,1,100
122,strike-fired,-1,-12,0,historical,realistic,1,1,122,0,0,1,100
123,strike-fired,-1,-12,0,historical,realistic,1,1,123,0,0,1,100
124,strike-fired,-1,-12,0,historical,realistic,1,1,124,0,0,1,100
125,strike-fired,-1,-12,0,historical,realistic,1,1,125,0,0,1,100
126,strike-fired,-1,-12,0,historical,realistic,1,1,126,0,0,1,100
127,strike-fired,-1,-12,0,historical,realistic,1,1,127,0,0,1,100
128,strike-fired,-1,-12,0,historical,realistic,1,1,128,0,0,1,100
129,strike-fired,-1,-12,0,historical,realistic,1,1,129,0,0,1,100
130,strike-fired,-1,-12,0,historical,realistic,1,1,130,0,0,1,100
131,strike-fired,-1,-12,0,historical,realistic,1,1,131,0,0,1,100
132,strike-fired,-1,-12,0,historical,realistic,1,1,132,0,0,1,100
133,strike-fired,-1,-12,0,historical,realistic,1,1,133,0,0,1,100
134,strike-fired,-1,-12,0,historical,realistic,1,1,134,0,0,1,100
135,strike-fired,-1,-12,0,historical,realistic,1,1,135,0,0,1,100
136,strike-fired,-1,-12,0,historical,realistic,1,1,136,0,0,1,100
137,strike-fired,-1,-12,0,historical,realistic,1,1,137,0,0,1,100
138,strike-fired,-1,-12,0,historical,realistic,1,1,138,0,0,1,100
139,strike-fired,-1,-12,0,historical,realistic,1,1,139,0,0,1,100
140,strike-fired,-1,-12,0,historical,realistic,1,1,140,0,0,1,100
141,strike-fired,-1,-12,0,historical,realistic,1,1,141,0,0,1,100
142,strike-fired,-1,-12,0,historical,realistic,1,1,142,0,0,1,100
143,strike-fired,-1,-12,0,historical,realistic,1,1,143,0,0,1,100
144,strike-fired,-1,-12,0,historical,realistic,1,1,144,0,0,1,100
145,strike-fired,-1,-12,0,historical,realistic,1,1,145,0,0,1,100
146,strike-fired,-1,-12,0,historical,realistic,1,1,146,0,0,1,100
147,strike-fired,-1,-12,0,historical,realistic,1,1,147,0,0,1,100
148,strike-fired,-1,-12,0,historical,realistic,1,1,148,0,0,1,100
149,strike-fired,-1,-12,0,historical,realistic,1,1,149,0,0,1,100
150,strike-fired,-1,-12,0,historical,realistic,1,1,150,0,0,1,100
151,strike-fired,-1,-12,0,historical,realistic,1,1,151,0,0,1,100
152,strike-fired,-1,-12,0,historical,realistic,1,1,152,0,0,1,100
153,strike-fired,-1,-12,0,historical,realistic,1,1,153,0,0,1,100
154,strike-fired,-1,-12,0,historical,realistic,1,1,154,0,0,1,100
155,strike-fired,-1,-12,0,historical,realistic,1,1,155,0,0,1,100
156,strike-fired,-1,-12,0,historical,realistic,1,1,156,0,0,1,100
157,strike-fired,-1,-12,0,historical,realistic,1,1,157,0,0,1,100
158,strike-fired,-1,-12,0,historical,realistic,1,1,158,0,0,1,100
159,strike-fired,-1,-12,0,historical,realistic,1,1,159,0,0,1,100
160,strike-fired,-1,-12,0,historical,realistic,1,1,160,0,0,1,100
161,strike-fired,-1,-12,0,historical,realistic,1,1,161,0,0,1,100
162,strike-fired,-1,-12,0,historical,realistic,1,1,162,0,0,1,100
163,strike-fired,-1,-12,0,historical,realistic,1,1,163,0,0,1,100
164,strike-fired,-1,-12,0,historical,realistic,1,1,164,0,0,1,100
165,strike-fired,-1,-12,0,historical,realistic,1,1,165,0,0,1,100
166,strike-fired,-1,-12,0,historical,realistic,1,1,166,0,0,1,100
167,strike-fired,-1,-12,0,historical,realistic,1,1,167,0,0,1,100
168,strike-fired,-1,-12,0,historical,realistic,1,1,168,0,0,1,100
169,strike-fired,-1,-12,0,historical,realistic,1,1,169,0,0,1,100
170,strike-fired,-1,-12,0,historical,realistic,1,1,170,0,0,1,100
171,strike-fired,-1,-12,0,historical,realistic,1,1,171,0,0,1,100
172,strike-fired,-1,-12,0,historical,realistic,1,1,172,0,0,1,100
173,strike-fired,-1,-12,0,historical,realistic,1,1,173,0,0,1,100
174,strike-fired,-1,-12,0,historical,realistic,1,1,174,0,0,1,100
175,strike-fired,-1,-12,0,historical,realistic,1,1,175,0,0,1,100
176,strike-fired,-1,-12,0,historical,realistic,1,1,176,0,0,1,100
177,strike-fired,-1,-12,0,historical,realistic,1,1,177,0,0,1,100
178,strike-fired,-1,-12,0,historical,realistic,1,1,178,0,0,1,100
179,strike-fired,-1,-12,0,historical,realistic,1,1,179,0,0,1,100
180,strike-fired,-1,-12,0,historical,realistic,1,1,180,0,0,1,100
181,strike-fired,-1,-12,0,historical,realistic,1,1,181,0,0,1,100
182,strike-fired,-1,-12,0,historical,realistic,1,1,182,0,0,1,100
183,strike-fired,-1,-12,0,historical,realistic,1,1,183,0,0,1,100
184,strike-fired,-1,-12,0,historical,realistic,1,1,184,0,0,1,100
185,strike-fired,-1,-12,0,historical,realistic,1,1,185,0,0,1,100
186,strike-fired,-1,-12,0,historical,realistic,1,1,186,0,0,1,100
187,strike-fired,-1,-12,0,historical,realistic,1,1,187,0,0,1,100
188,strike-fired,-1,-12,0,historical,realistic,1,1,188,0,0,1,100
189,strike-fired,-1,-12,0,historical,realistic,1,1,189,0,0,1,100
190,strike-fired,-1,-12,0,historical,realistic,1,1,190,0,0,1,100
191,strike-fired,-1,-12,0,historical,realistic,1,1,191,0,0,1,100
192,strike-fired,-1,-12,0,historical,realistic,1,1,192,0,0,1,100
193,strike-fired,-1,-12,0,historical,realistic,1,1,193,0,0,1,100
194,strike-fired,-1,-12,0,historical,realistic,1,1,194,0,0,1,100
195,strike-fired,-1,-12,0,historical,realistic,1,1,195,0,0,1,100
196,strike-fired,-1,-12,0,historical,realistic,1,1,196,0,0,1,100
197,strike-fired,-1,-12,0,historical,realistic,1,1,197,0,0,1,100
198,strike-fired,-1,-12,0,historical,realistic,1,1,198,0,0,1,100
199,strike-fired,-1,-12,0,historical,realistic,1,1,199,0,0,1,100
200,strike-fired,-1,-12,0,historical,realistic,1,1,200,0,0,1,100
201,strike-fired,-1,-12,0,historical,realistic,1,1,201,0,0,1,100
202,strike-fired,-1,-12,0,historical,realistic,1,1,202,0,0,1,100
203,strike-fired,-1,-12,0,historical,realistic,1,1,203,0,0,1,100
204,strike-fired,-1,-12,0,historical,realistic,1,1,204,0,0,1,100
205,strike-fired,-1,-12,0,historical,realistic,1,1,205,0,0,1,100
206,strike-fired,-1,-12,0,historical,realistic,1,1,206,0,0,1,100
207,strike-fired,-1,-12,0,historical,realistic,1,1,207,0,0,1,100
208,strike-fired,-1,-12,0,historical,realistic,1,1,208,0,0,1,100
209,strike-fired,-1,-12,0,historical,realistic,1,1,209,0,0,1,100
210,strike-fired,-1,-12,0,historical,realistic,1,1,210,0,0,1,100
211,strike-fired,-1,-12,0,historical,realistic,1,1,211,0,0,1,100
212,strike-fired,-1,-12,0,historical,realistic,1,1,212,0,0,1,100
213,strike-fired,-1,-12,0,historical,realistic,1,1,213,0,0,1,100
214,strike-fired,-1,-12,0,historical,realistic,1,1,214,0,0,1,100
215,strike-fired,-1,-12,0,historical,realistic,1,1,215,0,0,1,100
216,strike-fired,-1,-12,0,historical,realistic,1,1,216,0,0,1,100
217,strike-fired,-1,-12,0,historical,realistic,1,1,217,0,0,1,100
218,strike-fired,-1,-12,0,historical,realistic,1,1,218,0,0,1,100
219,strike-fired,-1,-12,0,historical,realistic,1,1,219,0,0,1,100
220,strike-fired,-1,-12,1,historical,realistic,1,1,220,1,0,0,0
1,strike-fired,0,7,0,historical,realistic,1,1,1,0,0,4,77.5
2,strike-fired,0,7,0,historical,realistic,1,1,2,0,0,4,70
3,strike-fired,0,7,0,historical,realistic,1,1,3,0,0,4,47.5
4,strike-fired,0,7,0,historical,realistic,1,1,4,0,0,3,100
4,surrender-wave,0,0,1,historical,realistic,1,1,4,0,0,3,100
5,strike-fired,1,11,0,historical,realistic,1,1,5,0,0,3,100
6,strike-fired,0,7,0,historical,realistic,1,1,6,0,0,3,100
7,strike-fired,1,11,0,historical,realistic,1,1,7,0,0,3,70
8,strike-fired,1,1,1,historical,realistic,1,1,8,1,0,2,100
9,strike-fired,1,11,0,historical,realistic,1,1,9,1,0,2,100
10,strike-fired,1,11,0,historical,realistic,1,1,10,1,0,2,100
11,strike-fired,1,11,0,historical,realistic,1,1,11,1,0,2,70
12,strike-fired,1,11,0,historical,realistic,1,1,12,1,0,2,40
13,strike-fired,1,11,0,historical,realistic,1,1,13,1,0,2,-5
14,strike-fired,0,7,1,historical,realistic,1,1,14,2,0,1,100
15,strike-fired,1,11,0,historical,realistic,1,1,15,2,0,1,10
16,strike-fired,1,10,1,historical,realistic,1,1,16,3,0,0,0
1,strike-fired,12,3,0,historical,realistic,1,1,1,0,0,4,100
2,strike-fired,-2,11,0,historical,realistic,1,1,2,0,0,4,100
3,strike-fired,12,3,0,historical,realistic,1,1,3,0,0,4,100
4,strike-fired,12,3,0,historical,realistic,1,1,4,0,0,4,77.5
5,strike-fired,12,3,0,historical,realistic,1,1,5,0,0,4,70
6,strike-fired,2,3,1,historical,realistic,1,1,6,1,0,3,100
7,strike-fired,12,3,0,historical,realistic,1,1,7,1,0,3,100
8,strike-fired,12,3,0,historical,realistic,1,1,8,1,0,3,100
9,strike-fired,12,3,0,historical,realistic,1,1,9,1,0,3,100
10,strike-fired,-2,11,0,historical,realistic,1,1,10,1,0,3,90
11,strike-fired,-2,11,1,historical,realistic,1,1,11,2,0,2,85
12,strike-fired,12,3,0,historical,realistic,1,1,12,2,0,2,85
13,strike-fired,12,3,0,historical,realistic,1,1,13,2,0,2,85
14,strike-fired,12,3,0,historical,realistic,1,1,14,2,0,2,70
15,strike-fired,12,3,0,historical,realistic,1,1,15,2,0,2,55
16,strike-fired,12,3,0,historical,realistic,1,1,16,2,0,2,55
17,strike-fired,12,3,0,historical,realistic,1,1,17,2,0,2,40
18,strike-fired,12,3,0,historical,realistic,1,1,18,2,0,1,100
18,surrender-wave,0,0,1,historical,realistic,1,1,18,2,0,1,100
19,strike-fired,12,3,0,historical,realistic,1,1,19,2,0,1,100
20,strike-fired,12,3,0,historical,realistic,1,1,20,2,0,1,100
21,strike-fired,12,3,0,historical,realistic,1,1,21,2,0,1,100
22,strike-fired,12,3,0,historical,realistic,1,1,22,2,0,1,70
24,strike-fired,12,5,0,historical,realistic,1,1,23,2,0,1,50
25,strike-fired,11,6,0,historical,realistic,1,1,24,2,0,1,30
26,strike-fired,11,7,1,historical,realistic,1,1,25,3,0,0,0
1,strike-fired,-3,11,0,historical,realistic,1,1,1,0,0,4,70
2,strike-fired,-13,7,1,historical,realistic,1,1,2,1,0,3,100
3,strike-fired,8,-1,0,historical,realistic,1,1,3,1,0,3,100
4,strike-fired,8,-1,0,historical,realistic,1,1,4,1,0,3,100
5,strike-fired,-3,11,0,historical,realistic,1,1,5,1,0,3,100
6,strike-fired,-3,11,0,historical,realistic,1,1,6,1,0,3,100
7,strike-fired,-3,11,0,historical,realistic,1,1,7,1,0,3,80
8,strike-fired,8,-1,0,historical,realistic,1,1,8,1,0,3,60
9,strike-fired,-3,11,0,historical,realistic,1,1,9,1,0,3,60
10,strike-fired,-3,11,0,historical,realistic,1,1,10,1,0,3,50
11,strike-fired,8,-1,0,historical,realistic,1,1,11,1,0,3,40
12,strike-fired,8,-1,0,historical,realistic,1,1,12,1,0,3,10
13,strike-fired,8,-1,0,historical,realistic,1,1,13,1,0,2,25
13,surrender-wave,0,0,1,historical,realistic,1,1,13,1,0,2,25
14,strike-fired,8,-1,0,historical,realistic,1,1,14,1,0,1,100
14,surrender-wave,0,0,1,historical,realistic,1,1,14,1,0,1,100
15,strike-fired,8,-1,0,historical,realistic,1,1,15,1,0,1,100
16,strike-fired,8,-1,0,historical,realistic,1,1,16,1,0,1,100
17,strike-fired,8,-1,0,historical,realistic,1,1,17,1,0,1,100
18,strike-fired,8,-1,0,historical,realistic,1,1,18,1,0,1,100
19,strike-fired,8,-1,0,historical,realistic,1,1,19,1,0,1,100
20,strike-fired,8,-1,0,historical,realistic,1,1,20,1,0,1,100
21,strike-fired,8,-1,0,historical,realistic,1,1,21,1,0,1,70
22,strike-fired,9,-1,1,historical,realistic,1,1,22,2,0,0,0
1,strike-fired,-9,-11,0,historical,realistic,1,1,1,0,0,4,70
2,strike-fired,-9,-11,0,historical,realistic,1,1,2,0,0,3,90
2,surrender-wave,0,0,1,historical,realistic,1,1,2,0,0,3,90
3,strike-fired,-9,-11,0,historical,realistic,1,1,3,0,0,3,80
4,strike-fired,-9,-11,0,historical,realistic,1,1,4,0,0,3,70
5,strike-fired,-9,-11,0,historical,realistic,1,1,5,0,0,3,40
6,strike-fired,-9,-11,0,historical,realistic,1,1,6,0,0,2,85
6,surrender-wave,0,0,1,historical,realistic,1,1,6,0,0,2,85
7,strike-fired,-9,-11,0,historical,realistic,1,1,7,0,0,2,70
8,strike-fired,-9,-11,0,historical,realistic,1,1,8,0,0,2,55
9,strike-fired,-9,-11,0,historical,realistic,1,1,9,0,0,2,10
10,strike-fired,-9,-11,0,historical,realistic,1,1,10,0,0,1,100
10,surrender-wave,0,0,1,historical,realistic,1,1,10,0,0,1,100
11,strike-fired,-9,-11,0,historical,realistic,1,1,11,0,0,1,100
12,strike-fired,-9,-11,0,historical,realistic,1,1,12,0,0,1,100
13,strike-fired,-9,-11,0,historical,realistic,1,1,13,0,0,1,100
14,strike-fired,-9,-11,0,historical,realistic,1,1,14,0,0,1,70
15,strike-fired,-9,-11,0,historical,realistic,1,1,15,0,0,1,70
16,strike-fired,-9,-11,0,historical,realistic,1,1,16,0,0,1,40
17,strike-fired,-9,-11,1,historical,realistic,1,1,17,1,0,0,0
1,strike-fired,14,2,0,historical,realistic,1,1,1,0,0,4,100
2,strike-fired,14,2,0,historical,realistic,1,1,2,0,0,4,100
3,strike-fired,14,2,0,historical,realistic,1,1,3,0,0,4,100
4,strike-fired,14,2,0,historical,realistic,1,1,4,0,0,4,100
5,strike-fired,14,2,0,historical,realistic,1,1,5,0,0,4,70
6,strike-fired,14,2,0,historical,realistic,1,1,6,0,0,3,80
6,surrender-wave,0,0,1,historical,realistic,1,1,6,0,0,3,80
7,strike-fired,14,2,0,historical,realistic,1,1,7,0,0,3,70
8,strike-fired,14,2,0,historical,realistic,1,1,8,0,0,3,70
9,strike-fired,14,2,0,historical,realistic,1,1,9,0,0,3,70
10,strike-fired,14,2,0,historical,realistic,1,1,10,0,0,2,100
10,surrender-wave,0,0,1,historical,realistic,1,1,10,0,0,2,100
11,strike-fired,14,2,0,historical,realistic,1,1,11,0,0,2,100
12,strike-fired,14,2,0,historical,realistic,1,1,12,0,0,2,100
13,strike-fired,14,2,0,historical,realistic,1,1,13,0,0,2,100
14,strike-fired,14,2,0,historical,realistic,1,1,14,0,0,2,85
15,strike-fired,14,2,0,historical,realistic,1,1,15,0,0,2,10
16,strike-fired,14,2,0,historical,realistic,1,1,16,0,0,1,100
16,surrender-wave,0,0,1,historical,realistic,1,1,16,0,0,1,100
17,strike-fired,14,2,0,historical,realistic,1,1,17,0,0,1,100
18,strike-fired,14,2,0,historical,realistic,1,1,18,0,0,1,100
19,strike-fired,14,2,0,historical,realistic,1,1,19,0,0,1,100
20,strike-fired,14,2,0,historical,realistic,1,1,20,0,0,1,100
21,strike-fired,14,2,0,historical,realistic,1,1,21,0,0,1,100
22,strike-fired,14,2,0,historical,realistic,1,1,22,0,0,1,100
23,strike-fired,14,2,0,historical,realistic,1,1,23,0,0,1,100
24,strike-fired,14,2,0,historical,realistic,1,1,24,0,0,1,100
25,strike-fired,14,2,0,historical,realistic,1,1,25,0,0,1,100
26,strike-fired,14,2,0,historical,realistic,1,1,26,0,0,1,100
27,strike-fired,14,2,0,historical,realistic,1,1,27,0,0,1,100
28,strike-fired,14,2,0,historical,realistic,1,1,28,0,0,1,100
29,strike-fired,14,2,0,historical,realistic,1,1,29,0,0,1,100
30,strike-fired,14,2,0,historical,realistic,1,1,30,0,0,1,100
31,strike-fired,14,2,0,historical,realistic,1,1,31,0,0,1,100
32,strike-fired,14,2,0,historical,realistic,1,1,32,0,0,1,100
33,strike-fired,14,2,0,historical,realistic,1,1,33,0,0,1,100
34,strike-fired,14,2,0,historical,realistic,1,1,34,0,0,1,100
35,strike-fired,14,2,0,historical,realistic,1,1,35,0,0,1,100
36,strike-fired,14,2,0,historical,realistic,1,1,36,0,0,1,100
37,strike-fired,14,2,0,historical,realistic,1,1,37,0,0,1,100
38,strike-fired,14,2,0,historical,realistic,1,1,38,0,0,1,100
39,strike-fired,14,2,0,historical,realistic,1,1,39,0,0,1,100
40,strike-fired,14,2,0,historical,realistic,1,1,40,0,0,1,100
41,strike-fired,14,2,0,historical,realistic,1,1,41,0,0,1,100
42,strike-fired,14,2,0,historical,realistic,1,1,42,0,0,1,100
43,strike-fired,14,2,0,historical,realistic,1,1,43,0,0,1,100
44,strike-fired,14,2,0,historical,realistic,1,1,44,0,0,1,100
45,strike-fired,14,2,0,historical,realistic,1,1,45,0,0,1,100
46,strike-fired,14,2,0,historical,realistic,1,1,46,0,0,1,100
47,strike-fired,14,2,0,historical,realistic,1,1,47,0,0,1,100
48,strike-fired,14,2,0,historical,realistic,1,1,48,0,0,1,100
49,strike-fired,14,2,0,historical,realistic,1,1,49,0,0,1,100
50,strike-fired,14,2,0,historical,realistic,1,1,50,0,0,1,100
51,strike-fired,14,2,0,historical,realistic,1,1,51,0,0,1,100
52,strike-fired,14,2,0,historical,realistic,1,1,52,0,0,1,100
53,strike-fired,14,2,0,historical,realistic,1,1,53,0,0,1,100
54,strike-fired,14,2,0,historical,realistic,1,1,54,0,0,1,100
55,strike-fired,14,2,0,historical,realistic,1,1,55,0,0,1,100
56,strike-fired,14,2,0,historical,realistic,1,1,56,0,0,1,100
57,strike-fired,14,2,0,historical,realistic,1,1,57,0,0,1,100
58,strike-fired,14,2,0,historical,realistic,1,1,58,0,0,1,100
59,strike-fired,14,2,0,historical,realistic,1,1,59,0,0,1,100
60,strike-fired,14,2,0,historical,realistic,1,1,60,0,0,1,100
61,strike-fired,14,2,0,historical,realistic,1,1,61,0,0,1,100
62,strike-fired,14,2,0,historical,realistic,1,1,62,0,0,1,100
63,strike-fired,14,2,0,historical,realistic,1,1,63,0,0,1,100
64,strike-fired,14,2,0,historical,realistic,1,1,64,0,0,1,100
65,strike-fired,14,2,0,historical,realistic,1,1,65,0,0,1,100
66,strike-fired,14,2,0,historical,realistic,1,1,66,0,0,1,100
67,strike-fired,14,2,0,historical,realistic,1,1,67,0,0,1,100
68,strike-fired,14,2,0,historical,realistic,1,1,68,0,0,1,100
69,strike-fired,14,2,0,historical,realistic,1,1,69,0,0,1,100
70,strike-fired,14,2,0,historical,realistic,1,1,70,0,0,1,100
71,strike-fired,14,2,0,historical,realistic,1,1,71,0,0,1,100
72,strike-fired,14,2,0,historical,realistic,1,1,72,0,0,1,100
73,strike-fired,14,2,0,historical,realistic,1,1,73,0,0,1,100
74,strike-fired,14,2,0,historical,realistic,1,1,74,0,0,1,100
75,strike-fired,14,2,0,historical,realistic,1,1,75,0,0,1,100
76,strike-fired,14,2,0,historical,realistic,1,1,76,0,0,1,100
77,strike-fired,14,2,0,historical,realistic,1,1,77,0,0,1,100
78,strike-fired,14,2,0,historical,realistic,1,1,78,0,0,1,100
79,strike-fired,14,2,0,historical,realistic,1,1,79,0,0,1,100
80,strike-fired,14,2,0,historical,realistic,1,1,80,0,0,1,100
81,strike-fired,14,2,0,historical,realistic,1,1,81,0,0,1,100
82,strike-fired,14,2,0,historical,realistic,1,1,82,0,0,1,100
83,strike-fired,14,2,0,historical,realistic,1,1,83,0,0,1,100
84,strike-fired,14,2,0,historical,realistic,1,1,84,0,0,1,100
85,strike-fired,14,2,0,historical,realistic,1,1,85,0,0,1,100
86,strike-fired,14,2,0,historical,realistic,1,1,86,0,0,1,100
87,strike-fired,14,2,0,historical,realistic,1,1,87,0,0,1,100
88,strike-fired,14,2,0,historical,realistic,1,1,88,0,0,1,100
89,strike-fired,14,2,0,historical,realistic,1,1,89,0,0,1,100
90,strike-fired,14,2,0,historical,realistic,1,1,90,0,0,1,100
91,strike-fired,14,2,0,historical,realistic,1,1,91,0,0,1,100
92,strike-fired,14,2,0,historical,realistic,1,1,92,0,0,1,100
93,strike-fired,14,2,0,historical,realistic,1,1,93,0,0,1,100
94,strike-fired,14,2,0,historical,realistic,1,1,94,0,0,1,100
95,strike-fired,14,2,0,historical,realistic,1,1,95,0,0,1,100
96,strike-fired,14,2,0,historical,realistic,1,1,96,0,0,1,100
97,strike-fired,14,2,0,historical,realistic,1,1,97,0,0,1,100
98,strike-fired,14,2,0,historical,realistic,1,1,98,0,0,1,100
99,strike-fired,14,2,0,historical,realistic,1,1,99,0,0,1,100
100,strike-fired,14,2,0,historical,realistic,1,1,100,0,0,1,100
101,strike-fired,14,2,0,historical,realistic,1,1,101,0,0,1,100
102,strike-fired,14,2,0,historical,realistic,1,1,102,0,0,1,100
103,strike-fired,14,2,0,historical,realistic,1,1,103,0,0,1,100
104,strike-fired,14,2,0,historical,realistic,1,1,104,0,0,1,100
105,strike-fired,14,2,0,historical,realistic,1,1,105,0,0,1,100
106,strike-fired,14,2,0,historical,realistic,1,1,106,0,0,1,100
107,strike-fired,14,2,0,historical,realistic,1,1,107,0,0,1,100
108,strike-fired,14,2,0,historical,realistic,1,1,108,0,0,1,100
109,strike-fired,14,2,0,historical,realistic,1,1,109,0,0,1,100
110,strike-fired,14,2,0,historical,realistic,1,1,110,0,0,1,100
111,strike-fired,14,2,0,historical,realistic,1,1,111,0,0,1,100
112,strike-fired,14,2,0,historical,realistic,1,1,112,0,0,1,100
113,strike-fired,14,2,0,historical,realistic,1,1,113,0,0,1,100
114,strike-fired,14,2,0,historical,realistic,1,1,114,0,0,1,100
115,strike-fired,14,2,0,historical,realistic,1,1,115,0,0,1,100
116,strike-fired,14,2,0,historical,realistic,1,1,116,0,0,1,100
117,strike-fired,14,2,0,historical,realistic,1,1,117,0,0,1,100
118,strike-fired,14,2,0,historical,realistic,1,1,118,0,0,1,100
119,strike-fired,14,2,0,historical,realistic,1,1,119,0,0,1,100
120,strike-fired,14,2,0,historical,realistic,1,1,120,0,0,1,100
121,strike-fired,14,2,0,historical,realistic,1,1,121,0,0,1,100
122,strike-fired,14,2,0,historical,realistic,1,1,122,0,0,1,100
123,strike-fired,14,2,0,historical,realistic,1,1,123,0,0,1,100
124,strike-fired,14,2,0,historical,realistic,1,1,124,0,0,1,100
125,strike-fired,14,2,0,historical,realistic,1,1,125,0,0,1,100
126,strike-fired,14,2,0,historical,realistic,1,1,126,0,0,1,100
127,strike-fired,14,2,0,historical,realistic,1,1,127,0,0,1,100
128,strike-fired,14,2,0,historical,realistic,1,1,128,0,0,1,100
129,strike-fired,14,2,0,historical,realistic,1,1,129,0,0,1,100
130,strike-fired,14,2,0,historical,realistic,1,1,130,0,0,1,100
131,strike-fired,14,2,0,historical,realistic,1,1,131,0,0,1,100
132,strike-fired,14,2,0,historical,realistic,1,1,132,0,0,1,100
133,strike-fired,14,2,0,historical,realistic,1,1,133,0,0,1,100
134,strike-fired,14,2,0,historical,realistic,1,1,134,0,0,1,100
135,strike-fired,14,2,0,historical,realistic,1,1,135,0,0,1,100
136,strike-fired,14,2,0,historical,realistic,1,1,136,0,0,1,100
137,strike-fired,14,2,0,historical,realistic,1,1,137,0,0,1,100
138,strike-fired,14,2,0,historical,realistic,1,1,138,0,0,1,100
139,strike-fired,14,2,0,historical,realistic,1,1,139,0,0,1,100
140,strike-fired,14,2,0,historical,realistic,1,1,140,0,0,1,100
141,strike-fired,14,2,0,historical,realistic,1,1,141,0,0,1,100
142,strike-fired,14,2,0,historical,realistic,1,1,142,0,0,1,100
143,strike-fired,14,2,0,historical,realistic,1,1,143,0,0,1,100
144,strike-fired,14,2,0,historical,realistic,1,1,144,0,0,1,100
145,strike-fired,14,2,0,historical,realistic,1,1,145,0,0,1,100
146,strike-fired,14,2,0,historical,realistic,1,1,146,0,0,1,100
147,strike-fired,14,2,0,historical,realistic,1,1,147,0,0,1,100
